,accountId,id,name,profileIconId,puuid,revisionDate,status.message,status.status_code,summonerLevel,leaguePoints,rank,wins,losses
0,IIWG7FRiqE8CuZaCslKkNxkglwpgnePPxDslb2tv66FKrgo,8Cx100isJ6RMMeOmUX_-Wg0CESabVTYk-e8P8Ijj3zuIiB4,Youtube Thal,4090.0,zEAzVpVlvX2QkvhGdq-Ttedh_7ANT8MV7HbUDEBS9qV4gg92XlaMwz7ylNLPaZJPPu3P5LunLlk-4Q,1585210430000.0,,,344.0,1534,I,119,107
1,BB_S21KUEtgEFTusszVu05gcdvics5XlSSRJRbjzjAX_WTY,TaB2q-apc8gykUYksGmcqfe5bvrtKmvZEyKjwdfTrno3V5I,T1 Gumayusi,7.0,cdpL_1GGxpXZPaDITiNyPbT4r8vZ-PKqH_1FX5CYoLEkGSSRCrE7kRznYtRSRYWf5MPvlch6L3mpfw,1584950623000.0,,,195.0,1505,I,301,246
2,7JKrpNmHAW6w9y28naNUOR9RSFo08TOR0g7BkjGY945jvao,AmzUl0S9tzG8zmeDS3yftE7Ex_2tFG09g3Vj7bPAEDCDMAM,곽김보태성민광희,4227.0,5GlNYjIevp0kT5JMqLDJEju01LCKaI-7xhwMa1NvxHvJy444caRwMKTxoO428VEnBE8mda_i6A3hmg,1584965478000.0,,,274.0,1488,I,258,191
3,01fKKDfDTEV5v5hOuOEg6gMQw-LaZE90W0stwnGS6uRYLrE,55qN-1wEpKN43nR7p23_8kl-CYFLBo3rXaL259f_I8ZoJvc,Gen G Ruler,4490.0,P2LjFTWWBaxGMVQRKC7IIETC9L8uvyhUbBLn1q-FAbIiYFna2elpCk_LHotKy7_rIZoNifIlO4MkAw,1584694755000.0,,,371.0,1403,I,204,151
4,CyEV9EiCTEu2Aq2maL7X0GaVJX1Hn2OocGbdWN90K1hXo483nDABEbu1,U8GB61w3VGRGPQz3H5Cq1VyjJEHXZW3Kxuq8vHNWMpYk6ro,Gen G Karis,6.0,vx2ClHg2aAsp67Ebz2lNG-OzuyfWPxA93e0zXlP057PcGW6lUHBBBCRrzGf0zjbX8txbcHsHI_59Fw,1585027769000.0,,,245.0,1399,I,117,105
5,i4Y7790x00DAFtinQUjw7vB92y6z-1Ryd0zALYuxcOI,d63veTXZRp0jt6btpZOB1lthuxgELwnGnPvSVTHRoFxx2Q,znhy,544.0,tmp-IlYKR-_UTr0U0YXe9sHtPOBwRJfGwGdjYbxFTWlp5FmhdUew9VV3n1lDBT4LI_MFN94zKQs4pg,1585210191000.0,,,175.0,1360,I,157,103
6,JTPl-LVM05a-cd5mTYUd0dcmwBahqORrbGTr1aHtJu2ALKE,th78mli66hihVN8_bawLajrGalnASfmmYYtEZ-x62tm6vbc,Gen G Clid,4025.0,WbpYyg3TJTfqt1xPg3b9a61-EB8Vt2Usmy2qRG37aPJsDXBgPRVSiXuUoQV23NNvnG_mx2hYb5N_4g,1584837058000.0,,,370.0,1358,I,210,150
7,lACqORcGMFvPpSbUU_InuBfKTPFvQPKCO2YV7GT7vsmh7mk,DdYxfRcDAzbZKkkmdLH6izLhRwdjEFujj3ix7NgRHMP2kKg,DWG ShowMaker,3958.0,CrGACtY6-MXqGMK3Xm65iv_cCp5L9W-8LBABhgjhqTp2va_KY9NRhikN6CYimF4HIO8_ajT-vyi1dw,1584077447000.0,,,266.0,1342,I,209,155
8,e08jybn3DcAPjF0dMTWXjZCYd6TZSW4OrpQ5DNMaHp4vDKo,6MdVwNCqz5Eo2jfR1jREB5BC82WCAUERWSMmehmTT9REJVI,골목대장 태훈이,4249.0,1o7MBP6Z6hR13VjMHcHhqRDL8lmS7e0EbXMt0Ck0aiOkr6aibnY3uNpoSuOio-CxR8oEUmw0K5EaTw,1584935581000.0,,,88.0,1271,I,186,121
9,m8gzBKBdZ_R8SwGRnoPf3b1ZCmdBH4QfPjE5U9xJB5JOCAI,KU3TzDxVNDJHwcsqDNvZw1gXqObBY5SB26NHIEiGHdC4h80,용호야,4295.0,oVlwg-a_uUKLwTD1avLvjDtBm0-A-81roK8xASM5ndV5BMW0ZDUV8pksBZZt0nBIh1R-ysH3t-2KtA,1585131644000.0,,,103.0,1266,I,228,171
10,LhCH2yaixm5FZ6dHybuexqHNckeV0RQh4-W3pB8vJP2_,YTMZt7CQ7cHXiADp1ZtI1GjNHdAE_HQbbSxxq_gllWinqQ,쪼렙이다말로하자,3019.0,qDSYzPIVgg_qW_BHtMol4vM9vKAq2Wa2tJTSZqn0v-t8G1majnIfey51slDDNyd6olUq55n4wzYYaA,1583187388000.0,,,250.0,1265,I,222,175
11,1IeTiK_eUxVQ403DtauUh3bunZ-mWCTWSo4qEN6AF3eMn6jIiJIW7ojU,z9y4ipNtXRAJWy8kxEbJTMLKNQYgjZnPLF5gLFk4yDqyHbA,아름답고 슬픈 꽃,7.0,q2k1AtTFwgSoKb0szSZl_j6spNfDJK4KYeF4pYrPY7hxic5eZM6-4FYlp3Ej7Qp2Dyu5PsLahfWghA,1584946706000.0,,,92.0,1246,I,83,74
12,RpfEsn4uy31t7jaK4jiAlINRVeFqbcK3fXanABDw9KIQloc,P9oKEXsIW-putU_nwPf8S8WBHcaWtHKOxaxUKT33kKU_aBU,꿈의 남자,7.0,mw5yavwd3jRTVjVSwxhJ3Xlkgqy34FD7AwPShnr2ZZqjpRbKv5SDRA2MbtserfOcE6victplAuDJnQ,1584603933000.0,,,177.0,1242,I,84,61
13,zMAyZn3-UEy_5Ee3fX2D3697oTzMpxOpzx06f--2V-JCQjE,jrCogtrl0Of0m2ptNCnySAsrzgWQeKHT19gzvo9ou9keG_8,Destiny,4491.0,QxNpA9yOJwE9D-x6FxmGSio2EFNOGLSvKExzzyBGT1sjjiTRMoqMnvFVCiM-I-_6AmSQJuSElVFMgg,1585221518000.0,,,197.0,1229,I,121,121
14,S3-N7M4SNbVkr4zY9_t4illrIVFdDEWbIGVDwIsWIIKMn8yjE1Yzm_CX,-6OhOREEpno3a9Gxsq0IJX6kRzCGVer9-qefkA2AtYYlKDs,TlGER,4027.0,xb6yolJGe0RphbYU3cnTxLVV2nUSvN8kQq5HiMCQ-4_bUpL7ckkx8tFpjdGHd5s62AuF1nJhwrhsmg,1584782533000.0,,,263.0,1158,I,133,124
15,4alTxbRq8V64QzAM-QpuksDdwB70WS4V_IDQWBYfiNqgIGA,pDy6jb36r46Abuyg8SeUT9FKPFaG-LUCIn0ajRF3kjYPVdw,Gen G Bonnie,11.0,mmpVGIrZ95RmAxvL_cH7ES29I5zFwKxxfD7m400pp2b0dxHcoU-xUIyLp1mKa-pmTM7tz9wjC1PXxw,1585137450000.0,,,492.0,1155,I,270,277
16,kBR52sFXVivea5ARzzTtj2W52muEgZQX0JgJwBp4rpdKMF4,a8GWapzrxqP2IMVzn7Ncw6-Sd7exkfxqTC5B2065oJTWc-M,KT Malrang,1391.0,4q9RA8EdUNS0Ex9SbQhgvsfP5jbznWRp8B1x_eYZ4O62QmaS3pN0c79BUHoVxv_H_3SuHIhXO-9rFw,1585122280000.0,,,255.0,1155,I,198,150
17,KJLe--RT1g3g0jUBmdWzViT55k6BBmBHpdtQWDYeXGXen5JUk2i_7qkV,YxKtz8l_tzp-y5mAEkIHIyyLdsHoB1TVAWqo8lYM_N8cU8U,댕청잇,4206.0,xKYL6doHxe1RGnfE8W9SuelElblxCD6VL0udRVgCDVcm69ygFCfPf0mhxfNo7ChMfESyzZnCmYHhpQ,1585127576000.0,,,107.0,1128,I,228,180
18,k9fNBRC8yXeqIJg2X3Tq3Ko2YuxFUd4fRfFSqC0Glyyk3Ds,VRJ3UE5P3xbH7fAWhVv8teJ3vEDmYmTv9TCq59iZRrxdld0,GIDE0N,25.0,3vbdHQCdX8vUMJKBOcDqsu1ISgAHBGEAJ2yIGCdHc52yvycbkN14TXfrdbXvqgdStueV_u8doASAFg,1584664248000.0,,,338.0,1120,I,239,192
19,ZHCA283ZhVjiz8tf4w_WhjhQfzi0g8RwhVLS54anQMS1r_s,suMzXj9OBNQ-401wdglMs-Q8aGP6K4ZcSmy9Pwe7ZN_v4YI,가루눈 OwO,4418.0,ZRK9RLS7YXvFv0Nfa24dDeR774ITuOK-_YWcsTmfkrnmMpr2VjAAeloMlgkbR8xH64m2Y_6fRgybmg,1584762415000.0,,,134.0,1119,I,164,114
20,nqF2oRCAeXA27uhGbvYS7gyb2M23OrSS_ehTnzUY6wr_gD4,XpmxFiwrLbkVlCgRVoTyz6ZjxwpSg-OGjhbr367B4zIWwdM,Gen G Kellin,3849.0,_GtBoE7TOeyzhQUgRkUz97L0aObMkKI3cRmLu7w-OmyTwcG3PJ9Jmu8qkNFKx1NCnXExkRNPDpMYYg,1585124644000.0,,,372.0,1118,I,136,91
21,ImPwfj9Gb0tPHcMMnjVc6w44AedoxngtlVZJiqLqOKBRVP8neMBoEYHa,n_2q6lxDY6zivMxIy1lJSyq7S7kV11RBpl29ccDzj20LMSI,15pan,3890.0,lz5H69uPzRnENvOKLucHbsJ863lHt3PoHX-jDLr5S2WAsu7O1FU2BY1q1RlF1gjbs5AOP7PUHhuZiw,1585185017000.0,,,65.0,1100,I,288,227
22,thvrHv30gLNgZyx-cfz_suoXntR3VV_gSAXy6XLVRDf_MR0,uechBMQT7rpe-TyzGZRQ9KPNJSxI9yrebhJX5_wd7AbtOyw,Gen G Rascal,4297.0,McZdZvuQ81A7z9_y_r_V88ImkxnqHNncAKsHj3Y6MO6dtILBABNJgFVK_cYBbEBxlsb6d6N8F4NzXw,1584791117000.0,,,392.0,1097,I,150,110
23,dZkY4prwLnjBI7cYzGoK1DSZyR65kL3sPCX24bBXxWvz4mFutum3vq8G,HX7TUxhCNoKcI_IqFW0fG1n8Hlm_6jKFpfwleaAl7RHnZPE,ggggff,29.0,bvuHh-o5sAo0vrNPFJq1-MbWE7kC__xJTGW6EUHbMwv3ItAMLJTMHV9ZNt-euNSs3po5ZEeylutV6w,1585202480000.0,,,54.0,1096,I,205,153
24,XfLG-efeO_3MYeQaScEdscNElqBS9qH3CEf1Rv2b-phPHvSD2Fltg4l-,rjMW1rV9eEk8SBTt176AZSg7QXSTWLEU7jY_VmV-eAm9mEs,huhushengwei,4514.0,s38jnO1AyVAyfG0vFksMfzBfxmiVpi918WwXl4eD7g01n64QMfDT82skszWUNeO3r1I7Kz9MLcivmQ,1585214419000.0,,,63.0,1094,I,243,190
25,7BaX_M6Y1fmstFdlXl-IsrpjOmvXY6w8JBfHCSFd7YRf5ZrUNrXtXy8l,lfqAFwVtc5tRK5ZbLy67oWaiWdWmfm1c6iExK7yAQuZodw8,zaizhongbanjiang,4498.0,_yDXt0MUrM3ymLOP9VMhjopFD7j1_ZpT0Hwvi8LfJYL2PXBOIeQ04u907FrBS3w1NQxq1gol2lAtgQ,1585261618000.0,,,85.0,1090,I,180,115
26,sOu8iyI-s7p-nAZDW9AcxUjayVEXfROd7jmZt-1mm1rA7uYnRYwGNDs6,QabEWqsoc9DWHc0_Nivgj_fAWVKLlPBCwchLDNEEQPCIOVs,DWG Canyon,3602.0,nzcGspIA056DSTu-m4eS9nWaaG7TZqM5b4-Fn-JrYMrIa2-7zxvFT8x7011VrWn7zLnC1hWLKhOnPA,1584650979000.0,,,163.0,1090,I,223,173
27,UDS3iOuyRE3wcuFBcRFNTfMAzZItd-gs-bjjW7UBy7gFfsI,ahRoFFnT2anVgTMn1Xyi_3btgjfL8KiNRcjfe5PK43DtQUg,미친듯이 파이팅,18.0,KxvKsQTa1WLgE5yOsuhf7zC_sEYjxkXahdguar4CpFfJJwlaecyo--QQ9me0y-6ea_pxkrYYAfWL3Q,1585018284000.0,,,135.0,1082,I,107,54
28,xLbdppsnJ29E11uFCEb_VdmrZMHSK42HX6pfInvNW_3tSiqHdlmpymZk,V2G99TwVlcStMMiLUgsNyH54IZaOjMCpzBX5FFKgBJHDvRg,Maple fans,3164.0,y7u6Ns_idPdT6PCMzBwYokKRYiBIbx5E72Ave10vtiP_mpUVz2zQ-MQncinGgzmwlTB9KUD2pPYuMQ,1585131956000.0,,,51.0,1081,I,155,101
29,U3LZ7mAw6fpTIwh0OPlnUD85HtSm6SE0VUhp8mnuJh0_,MVSVpln9JXR08yuzELMzAO4NhMsj0ofNEc4DZC7TN954ow,JustLikeThatKR,3017.0,StM_d0yP5yx3W2hiltEBsxX5levdtyt_ULUDdCrOm7ixnQIP-LHkJdEDfCIvKjWK60Ag6wA22KD1Rw,1585284788000.0,,,219.0,1079,I,132,124
30,laVp9S-sMWhsLTd5Rl0rdUtRP8tNaEV0ph2bhwzIF2ZFmlVS-WGjlCCw,wAx8YND0e4p0prS2pBdSIiSt7S6E2DltenDV3JQHJd_SY90,죽이지 마라1,6.0,AVD-RRhcvPswEbqO-1TEW712-fuq34MnyK669dt4aRBmMFrbxipyhniPlXPDzQufB-FqcLdBiDAN1g,1581633180000.0,,,108.0,1077,I,328,282
31,TMslxDJdK_yPRE1IWbsDXG1ptC8cQMXpm7MK74H30UqcMsM,OVScQHf6XVl7EGb8-FuSGH-Qm54IzRzmLLlrJOukWNXxstY,이주한1,4391.0,4WhYwQx5moaj3OWRJxrowF8iWIzDEIj5cl6vIePv1QoIMl8f5R7wTBKcnR_fpWmhadtDpRgb8hn15Q,1585046409000.0,,,352.0,1059,I,179,139
32,LlEL3LTn1Vhj1Vrw2HBLkok1gRomoik0ecKfUmgSljZ6q3XlBCw3WPQn,muh-5nIPO4xVMv4Uu-MJUodZZ_e_z1-fZEu2RKHy9t92W-w,실수쟁이,9.0,mX1pGD-bwt-6svHsF4TXaCzAR-kC9QgCNazXEJPkfcnRW2lLK0amkWocsndQRrZwm-YTAAdP52nk8Q,1585003087000.0,,,72.0,1047,I,92,81
33,6gzeM4950E8DrTx_KltcSZ03NtJe-ao0aamLjPMAq9v3wIEiD2ja2wCu,vcfOxK8wROUh3Cw5IiuzB93ImWElVTCaHZr5xi27n1qfcS8,야생을죽이기위해,4086.0,XGdNSTyzb24Kj51TMmCZGyp9JBWcfr_hT4yL7lLVPY9swVF_IC9-xUKJiELcJQsyAIXlKAT7bL4fDA,1584961964000.0,,,66.0,1042,I,99,53
34,Pa7smy3sF0v20rdJUhhCso40GFaNIM_QIT9vwsGJru1x9k0,4c81wXrYyIRHclZRra8kHNCdOpbL9C4SJ4s6unkUnxzqk4s,T1 Ellim,3836.0,3eJv8f-NIYGnjD7Z1Txsh93guD09BNQ7tWI71fGBePjgM1nD5nWAnGcqbk5n7oRv41bLGQ_WAsTtzw,1585035594000.0,,,179.0,1021,I,97,54
35,E6XWIQV0_mzXHQF29b_oMhmKHbcXcqmwq22KbeB6Qwi_VUxAnesC_fZr,saU_gg2u-e7CZPnXntchXERItZxWVjVjRS7NvtTb5NzWxsQ,실망자,3367.0,3iWaob04D_GnjvvQRZT2d-c4fg84sD2o1lfaLuKqhDJQiJ4MCjnAL4jHwcVrRHnkUa3rzzuOQyI_JQ,1581464117000.0,,,148.0,1017,I,162,124
36,QrwhHNLZCGrRADqDGigOaOKnQRa81BEfwhn2D1mLl7FA9xA,bxbP8mE_1qozzFlDAxlrmk9tjmMb4pMqF44F7YXGP6bY51Y,아이유칼,16.0,qJ4C9wsCa25qsmIFRiMlRq0E6inzZ4FLu1uXstZs-H_iEuMthVU6wZ74vuVM0eJfqv6y60cb1FLdQw,1585131644000.0,,,202.0,1010,I,134,95
37,C0dtu3kldUbAXxDd6cwe43YpdQ9jNMFCGV_XUVmkM9gWR4rqBW7FKlxd,Lj4PpBkMVCyv7PfOPEGrj66FLmL3H4wxJeBCiSPdeBGHoBY,싫은일 퓨즈,29.0,O5zpke0XheEcUcYtDOHPrSXvfbqTT259j2FBlB4awcjlNrF3gSiN_HWtdKmxPVL_sij2CVc47YDA-Q,1585017964000.0,,,50.0,1005,I,145,100
38,HvT-9rUVEVio-sEriwkgZyhIT764e7WlClbXC2TQZaTJrv8haf5PN0sj,_coxtmynCJng-vmt-nSDeWDj2FF1lzSfBIzZh-YjQ2IC-xU,Sei2e the day,3837.0,4Z_fB8Xz4Vwi3yOe40BjgXip4Py072zw5HCaQRgQJLr2fhpb_UNbaVhPl-8hP7JtkdVTRSVV3VmUoA,1585184346000.0,,,62.0,997,I,269,229
39,OBzE7jo2WVNK_tuWqrLXvFDOTjMgQENrwEecNsnmuwg3DM4,7x-b6Z0Kp0sLlvyqvzHhCytX_rX127T32YMxjgafkeqHEHo,김개콕,1596.0,IHVGdh8p4YeIaBzH1jK8phUrTVYpWgev3FbW2MQD-Vw1m_4LX2IOho4Gj0G2fjk3KC7yY47q2yzHkw,1585227947000.0,,,130.0,986,I,279,186
40,mItz6feda9wybENaJMJxI9d3R7c97zMArxwmVcPbXRtlvZg,sjnpCYevmoI7-xuYKd5C7M4tzhOQZhr3omlZZACc3c0L4m0,SANDBOX OnFleek,3951.0,8EtTAuPvB5J72awFtg0bGUN8D9zBQZahB-YFfKTIrHQxgnrwkpASJqSJUDhzPBVkjV-MjcP1aicGNg,1584182297000.0,,,228.0,985,I,149,118
41,hBDjbjeTpO3p-5FWg8UoeEbhEu7uEOpxNy7HZpDTpubkbRzZh6-QIbsj,xpSPBhzRzKa8D2eI0L31I5CI4Ur4XsKuCuYByPyE5hlct8k,qpalzmwoaj,2074.0,4XqWlY55kamkoGGVf5u05j3MJySvAfjaVmD7FSAMVhwf9w4ESM47Q4ruMe2H5sUiwltECmQ9Ms_hOQ,1585052256000.0,,,76.0,975,I,103,64
42,qX2CZIJfkBKEZuZe_S5b8NNWSrNn5eOSBLudrUTswnY_NTmoItePtnVX,6XPFUEGxr6M02CFnPKaUIyTSgYBDaWBc3ZBp315pRv6F3pQ,LNCL,1455.0,H3Hs_PxWtx6FIHRctOQ4EIuKUc74EQ6o6KbyiztXIPKBA_lQUo4f6FYUR4vQmLmYicUPh69C85AVag,1584704859000.0,,,361.0,971,I,257,216
43,nc-f7WhRepx47jP1BIGPk4cNwLcuDw6YH7zLbf7cQt0APGaGw-01znl7,tVss7uUX2VQNKFlJj7pXjV7NOzLfgHkWxTwL-G30EVV9q5s,송아지얼룩송아지,29.0,an020oUfXCPg-WDMebT3psQrhI46WVEekqte0c7N-6mZ0rXgkKZU2HPef-BrjrMVDrVVkH065AIW1w,1585187575000.0,,,48.0,970,I,152,101
44,MbD-9WQ4etQWL7jsJJW2vb46ELKbozvLXjHzTzwY57FENSZpqUelfrec,_jFIgI02O4lr8e9i5OSBedE84BDBsOa7yEAhJww8m2xoIGo,려창동입니다,7.0,fGUuE6_Osr6vKZsUyclOTRr3Hn94Kce2wV_FxWI9lhu5JcvI_eTVN-7QZ-hKkeV38s_MiAICf3GmCg,1584837058000.0,,,51.0,966,I,146,92
45,xSk5jPXNFKI3MJuNDFyX2-2dDrBVUAFkZ3DV_U6I5CuEi7c,sZcUrDXT5ZE-p14yHXEsop-V3BwWdSmOTGPmMmlcsn_20TQ,타 잔,936.0,1reKGzKSh0u945woUEAj9f988F3cslP4uBP2c5VCXcozxxxqWibZTLaMXIfeSzOtxQMakiKvPVcQOA,1584876167000.0,,,204.0,963,I,161,124
46,CBshAH3eSlOnMc1ntoJlf3E14TVfuABdbiQTIfpLgSMjs-R_nrCs_Su1,dmh7O3sbF2CJt6lY4lNppWURxiNMXXNuL26NMp1pfvBDhYw,10k EGO,4447.0,jmM_U1diWKxPFzXF-u2C6g_ICugMexshuq-AqCgpR6E9XvnkgloqUoX_VGRKw4Jih_W1V7d9JlIFyQ,1585272905000.0,,,62.0,960,I,241,188
47,xGk6hmYH1xpSIg8dPG7yIx82He4dL_GLkHFN1kVl6MCmjWA,9OXFlX_ickISgaXZpFabTA_d6K9wyrwZ3C4uCDuazac-et4,SANDBOX Natalie,3788.0,BpkOkNIXHm49khPS8eTpDO7664Bhl9hQgQWJG0n4jySKZ0fLvHRCNK4BNr51Q4FPxRyDFIGl870xjQ,1585115436000.0,,,453.0,960,I,162,138
48,ltc9ZYISOeNF63ku3m2p7ldx9H4RRkE7HKGqBE_TlS1N-Es,3xGxpSMbCxqoVaPV7c96pf4D7RWS4XbTRkCgfUuet_ZzhRs,T1 BurdoI,4514.0,wUy5mG1GiOd8amVC64tD6NWr1DZNNr5LXT7zFQKpAPUS-qykMQPSFD4uXGc75ZkC1FS-ZBUKsF1X0g,1585090426000.0,,,228.0,950,I,103,104
49,g6W_eCyG4gVKxO4jSJFbxEa3HHVyB5q9e_jwlin4tNFd,Wyj_7Uxv-iSGjDssbnWvUkzWIRdSGX-is4POb1zy7Qc8gw,SANDBOX GorillA,535.0,mGATYmXeqX8mgDOWRJ8UqsTUVh_XQdazKnd_7L5FHGrCZLybGO3hkq4Q4QkLhsTB7mEPUDjsKlFGsg,1584391498000.0,,,248.0,949,I,155,118
50,nGoKoBwhRvZr81H-4TVcGJ6caqwQgJ5P33qYbUbE_1h9YHU,sJF2uCrwgDpFH0yWKm51Uj9iJZpjTQVfhgOR0MwEaccF0rY,U R my light dad,3608.0,MHbUh4js8zRUVc--mFMYT90CWSIn2RA01VwlTfpA17cX9VoUV4CVEmu0tFi3fAKRQbQdycUwA2lirg,1584922536000.0,,,432.0,942,I,235,192
51,W5QWj6ej2VQgu1UunwFuGcNgBBz_io7T01Gg-ClYiVLS,umFfeIr7pGqTVyD_z14fjaSIsw_7Y1VUm9NypE3ePUUkm5E,213321123,4491.0,ofRKMx_2w5-7gfN3kYQOS1kgL9_57noPslsDiZitr2HrekfYh7ugydIcJ4zdFkkAhK7peeDc3XcFxA,1585289354000.0,,,80.0,939,I,216,165
52,G-lzn1ETqc7c72aH7Ay7nihY_DwkYBu8lnPuyFGKMUfLd4aD4XX-8u3b,qd2sgPmmqlMUjsGiAJiVllKCrKxgCjGScMYFAVr_k9LWTrQ,No soul,4480.0,WJASeIU247PandDnS1MBRfhidyEaZETxpZDQPLTLFCR3fX5SRAlHuv4K-fv6IYn1jrFNqbMkyTuK_w,1585215013000.0,,,58.0,935,I,231,174
53,gUiXEZAmrorkeGzNEnp54-H0kSYbFrx8HOaWaN1jhmLZxKFbABaxF-Qc,2UJIYK258VNlUrrLViv0Y9T6zjXmC9OWkH5nTLz5pZUaGZs,feng ji xu chui,4491.0,dtB_m5KZ363vwvr-lRLqaG7-atS492pXgp-xvjbZ4Dz_3-yfNyNwcjSofD1YEEZq0Errhfub2zjlEA,1585049918000.0,,,125.0,930,I,178,135
54,bVwP9CQfYvmYu0L_U7p5NCo14wsHOoRfbrnpvGBBPyp32M0,6jJ9FEFNazBPTdmsRhofkU0lFj_CQl1G7y-uKkIbgl45FSA,supupsupupsupup,4418.0,_xnhUA2vUN-Dk8bp4sbwpBiiGx6k4EHuwetqtvslc2TVAyvg2xz1VlwvV59xbiJDcVTCTWjw48o2-A,1584941618000.0,,,224.0,915,I,242,199
55,oEEfKZhHycdHFB86x1iTmXPfa7nACGS5PzHeddpbHA5_,vmxz3hK9o_k2uGte_AczeXW8stno5l_HvrO1t61DM-Y5_g,나는대포너는머포,18.0,QBaJt9lY006vWfVU2FsrP2_DCOCGYxz2YBCPGxaVmPYrjVnthzWOf96kZJo2PKx3J0O6DpLX-7ZoGg,1585088178000.0,,,203.0,914,I,335,289
56,kc7eS34jTXJ968Gm7vou_oo5v79EiRQI5FLGmQozCmH_X90,rRCbmpDuTOK6ATYWK0vqBZ9GJbmAC_fUDughsfQaun-BRK8,SANDBOX TolanD,4284.0,wvaycvYQhBISTek9m4jG9XyzkPKd9gb3V748vzcso0cbQO52r-vZfgRAkptIcYJLbCMFiwQVGobpTg,1584779582000.0,,,448.0,913,I,311,308
57,r0VW6YTk5MM9CT9jFTn65WE882mhgO0yJ0j6xmtL684gdfpp98W4dDVj,VY33ftklZ7wZhm_IhfTIL30BxEB7lGlbgsbGPYzmdchQvMo,Beam1,29.0,MSTbdVNxCS-7B0edbq21xOPY5nREiYEOTV7_zQMAtHGPNWd0ZApJl2AS8rI_ZzdnAOQrPSoFuZSjLw,1585144282000.0,,,45.0,907,I,135,82
58,bafkPQ9BpgBgEwkEvg5tV5ZEhRWJdh8MeFwmabw0Drcb59I,ebu0Jaajat43A5QofICHoa9UtEQ8PG2PSZIdUYGW67wR3Uw,읽씹맨,3854.0,qYtM5uaUCUw8GOZlhkeTjOuepe7MDov4wuHP81Aum8VWaUASS-Y2it4HPXqZCTV0LCKJs6jakELKtw,1584791994000.0,,,309.0,906,I,144,98
59,zXZzJ3rOgLqEFlUzmrwM97pz6vTYG_uxTZD4bJst16UiyCs,qaafF5fqTiByGxpgJQyfAP9rVCJTPjK4xIuVZ_HC_LFARwY,21살 155cm 42kg,1116.0,uX3HjtV1olMaYmXVgpGTPStcu9_TUSIW2C5niNEZ0bCyHZ5PPw1EUDhSKmhFtZlmDj2GHs6EHke5VQ,1585092236000.0,,,312.0,901,I,80,65
60,9qklf6kZHwpKDLTeczT1WGNXOKoAJ2Gu8cneYtY3hSpyLvbezpZrm7NC,6sk6yxOu4088B7m2u2Pnoe7OdglVNAsjj99kKwN1v6gKk2M,수영장파티려창동,29.0,U1NDsIlhERAQVsVho-Nn93JZqIhl6DR0I016pGiYeOWFCZDrSloDXCkraO-VxQkbxFsa5ai2vCELbQ,1585009912000.0,,,39.0,896,I,81,40
61,F23ggf384dqSm_YjnKOXZ6AzT9AIuXnBae39fTdobe-8k7dHMULcr139,H5upZv7VdqopzqhvJWsAyMPm4KiuqCH7PMBlc4QLW4UUQY4,KzvBxc,29.0,RZ6w4YsZtOXEY1IJkei06bI6cYDl6VjlSWv9ycueafcqyslXUt6gVSZYuGUShj-c4NJOIsm_Lgarpw,1585273681000.0,,,62.0,887,I,189,142
62,U2bQNAFp67-yvZQbdvHaIHdzIES8mpaYPml1patvMfp2x0o,9thQTvrdO5pQ7vZ9TmcCOYLDVAjloMtOfJGm3cEpKWEdYKw,Kingen,4474.0,B_99Sa20Va4VasUW_nb9o1_rAQe_QyNpEY8zLNTjBHKKW_qKWP5TUOXXG5ezqbT-e-EP0WDLhtJVPQ,1581602672000.0,,,393.0,884,I,346,311
63,HyWyq44753qK0mVR7pMRTM9uyPw-yFW4Q0J-_H-uK-g4Gcg,yp161RWGZz1tIsrneqXsY5dxv2paShNLo-ajtf6gbMEFakM,쭌 베,3150.0,v27539a1P2RgL3whbWUunjzF3ZhouRYy-6ePi_9SjQDz7LUz4PtRrGRjxaNk5xUYbvDTdnS1cEbthQ,1585116060000.0,,,315.0,874,I,153,120
64,JMvYNBltKqodbowF-przG6hYYx4xjEebAlNpjnVxedJvc3YtpGl4-p08,41foCgS8tN9qwcFvXfKDba48aULtpourP2foWMCreNRC4C4,zhong men dui ju,29.0,DU2ugeLtYT1uyTzNqgVjzYavIBJ9DkVlGqYs_pnrvFzrKyZRGEULHMPC2btLiEwNXT6ObYZV5Nc2CA,1584521169000.0,,,51.0,870,I,174,124
65,wYB3HC7V42HE9JivVmLQcXMA9iPXO14l3tIgjij9uQwEDVI,-unzsqFFZnj9IxzjEWQSsvzNJaxypr7wVu96IR3WOXP5AhM,T1 Kuri,4353.0,YJlqM98MdBAvRoZi6_gUKB08qJJNpJUkGFPQrM-zhoPnltUVeau9Rd7hf_S-PDvrVHRZk1YJODt_dg,1585017688000.0,,,434.0,869,I,321,283
66,TedPpyG9Br_Z08UG7fhSI_wuYgCZecSivABtp-ZWIj4TRE5BoK-cDHI0,39VqcsqSYlo-QA8ZH2J-jZDhV92KuxrKYUGBP6bsu4Mw0Sc,울부짖는마오카이,23.0,tuXgwv2F1g4fu-POUjKWOV8QQjEd1TxSz5lRGpuz2-QCXlIs8KY7A5DGCqxRhZxDELyZd1eQ3G6tlQ,1585201134000.0,,,144.0,864,I,264,223
67,-NuFZWsv_q7lkoqKmrh5F0gIbdCxz5dG_q0032KGViR_c9U,j1AhkQCOXiGk-V0BFyGIeqVj51nCpt_9Rfk1dueQ20BKBOU,DRX Deft,20.0,5WQZlhGmSJpWy-oovjorG7N2Gem_dh60qaNzMLBj-7Hh68qG3R5uzw-2X3KmDpmx5Yb6Z3t1XmNPbA,1585009016000.0,,,289.0,860,I,185,155
68,yUguBV6urNQr51PmfCbTdM5kuO3ICxHDWsPUKlTkMfI,72m_CjTP4LdQQtk7wyBG_IL39csGweUW2qnPrx9FQS7SHzQ,yezouhua,4491.0,luvl-gKqMAHu_OBkD25FUhq-sN7r_IPN4Xp9ayuBULIJUy5Rnl5h_qjwaBPFQkFU6xbKBYY4gNwynw,1585122280000.0,,,153.0,857,I,151,114
69,l_DTL5eOt0viSQ5bpj-UKB94suHyYLdFgiReb8QnndLSuJY1tR-4s8u4,JKzEhOzTjaSXm1Y_DBg0oBdAyyqJC5Sb6ojaj7BSJ5Mytzk,Yunqi,29.0,GXjYYFkwPc_MEZn_ObYugdXMnc4sciw6E2WOpuKwtIHvCar_cGKN_fU2JgllRZ6-IOGH1ug-AL121A,1584696711000.0,,,59.0,855,I,172,135
70,AiwXdQE0aVxpx9UvxDqBwA6W1BDZXoEeq4UEtv-Mggfxma8,wr60XfCzN-ak1X-eYoErM1e5WXXhzj4DAZso-ZVqfy7-YcA,간다라쿤다,1.0,WWVuatD--nSKAQtVo0H_9vOJtWwVp69gVwtp77AgrsVSsoup5cU08ib1--M2MqvMI0hgWsXYyk4pYA,1584345239000.0,,,352.0,852,I,317,277
71,uJwXMeGypuKPxbu97t4keDPR04x-TdCwf9HJvcUcXZH3hfVPWTFTYuXH,eE41p66geH1qGsQbLnumPQgcUl0OhqKMt0--1MmqeZqVUNM,i s lonely,750.0,rd9q4weMBASaUbEid59ns58yHCkGd5XWQu1KY5dutjE7qs62KTq8QuV_ilfigitn9ICRr4yRhn0_Kw,1585010424000.0,,,43.0,849,I,108,71
72,5Dvgksqt4j2ntqiMGDFs0tMlJVmJWsvpaGUd3x71nKZitFE,VFDeeiuBg1EQn37k23zI0zMqfUuzYoVbf8y5f4ffJOLOY1w,Gen G gyuvee,3840.0,ecPPiv1984ax2QfKcBAhDO2BPp4b5JuIXgq-9v7SruUSXg1AuoH5VzsS2YFmQFdka6fxWCDnvzsYGQ,1584871699000.0,,,409.0,848,I,395,357
73,Mo4ueWzZ-02R8Nn4UMqpk15Rp1yboxi0uYam2kyTyEZGRu4,z6aZ4KiKU7AtPnkMNb-q3PNVu6dhf7egh0rI6LmxBW9dQJI,DRX Keria,7.0,Oyi9E-Yt7JiVzrOjNR1j-yP1ybPNCX0EfY6HQ1TLVjNZDn88f9ZVQ1M7aMmcw4WEynUKNqnQXbQ9fQ,1585128874000.0,,,415.0,843,I,198,166
74,JpBsef4xsPaWncKm7eZolLvrEDomP6sf6g0LHMM2yo_ESLY,RD7o-HXJPJEELzG8S72meIDmX4nYZ1yW5VeYikKaK_S7CnA,Mei Tian Kun,982.0,U5Rm8ZDGcd_xdc-TvNKpAABQAKQMGU22f-g6jpCRG8q4dGZuoGx9bsiWy1aQ9BmXCBz1Qz12MJvL6w,1584849636000.0,,,288.0,843,I,133,166
75,qUpUWUm9O3vnub4SpAiSDNBBA8P7EgN9zCfhRIFl2bRclBA,I8RZw-DJt2yyJhEM_4UxMgxbaqDji5UQKMPY3vC8CQxX_fc,Aprox,4379.0,Nr19ZMWOyj64FXtzxJ1_E8boC1X4GO3wyenlCBLvyC8Oq6kCF8Rii4oGTx9zRgteDBN0BBr2cldXjw,1584737529000.0,,,79.0,839,I,99,65
76,4CCqK4ETs84odzk4YfwSrCur00DZSrN_hza0MuNxd2BK-KAeFhoCfiQO,2FWyywydLyjj2CpqS1Ct-WLjg0bpW3UqmgwFIuQcEqon_QM,yulinshitiankong,23.0,1s2BcBin8CxsRvrDq8i3SoRcatNiYPP-FPsNHJNHYUb-r4cg9PU334gljWfzz8Gtiko4F2Oc6YWTqw,1585014834000.0,,,87.0,833,I,100,48
77,C5kaawNjDdMLodFtogGCPSkSKElEs39imb80iTvjfWWfy9k,exNXyACl33qZjrQ5F9jsvojM3AHK8BhYFGmOtdCPM3IDBG4,불질러,1458.0,urmJxvsivYF50e08nJrRHXvzdYRvnTW-xDTzGpBp6gGJ9cA8SYz5KoV0eLsfqMbZl-tjvsLbxKbfmg,1585201816000.0,,,257.0,830,I,144,130
78,6K8m_ynxEtKDTduCcLGi6ir6T41AwYeT5BtPZygcPVD6zok,0B21cSDhS1ZA4a_Vl5MOZfXOSSMu5cryoBSuLTcpL8y-GWg,칼과 창 방패,3495.0,kbg-OkKjPOL7jckwTPKJtPNvZtAX1VfuAyIf35TqAHL15-Ru7iyNRbm9UJZ0NH0zCl9vSlFVTb9p6A,1585133088000.0,,,331.0,827,I,149,138
79,m9fVJWuIt6czZ7j8XG2rSntWw2bT07fP0neRzX26yrDj,fkZnxUJik2RY0FKMZOkilpp9AHLXORHdUTbroaYMHmniPg,사스갓지지,7.0,wFTgfQgurXOZeF-wO2aqE050FeLO4Ma--KpQwKcRY2s487Wpkylhuks7Vzkfrm64iQtje9Knnp2xnQ,1585011856000.0,,,260.0,824,I,65,66
80,-fIO9kid9UOaNLEIO9cFp7gm3niBuwGIcehMskHoDuXpV8ufxuB9toXV,lPlTICvuusxA5K7H55B0XTNO89KCPMxjQy49YW1gee7UFm8,SRB Harp,4353.0,XgjiYTOyUeNOTkPdO_LXxcZK86bENVkmrDiR0WydxVnxgECrBfXMGh1YGi16EExJ2eBcoWvfC64TtQ,1584076653000.0,,,189.0,823,I,195,160
81,Rcj1IixTOJoqgyZYunHkXL1lqZua5e1xehMOsllhRNE_,qvq9V6ZlwujH3GfjFJ0Etz8jvdLsGdw3h5Jfuy_4kp0jYA,Heart,1581.0,lLoQj2pgvyFYXj68sb17FkzJ7AdP9puSjBFfvfkV_Yff_hdgR3ADXPvW39j6BnoFKVy39I4lGv9NrQ,1584095554000.0,,,257.0,821,I,174,143
82,5UgKVAK2r9npszXCUZdYSQSvKlHKEDyW3-fKNY25dbcjDmz0gI9HXP50,ALq1pF9HxA77GEh5fUlWVUpYVJ7Kgj5EBmFILNjsUD4kERw,hhjy,4491.0,CHN626bXNYPG3R1BMbdSI4HyHpoe-FOIeM9uxhyHGbXMpH3MJByNAPKr5XU9dogYD4XB9_NgkvJSvw,1584935080000.0,,,95.0,821,I,129,94
83,W5fgAOoXiOMXahutBMxaydw1bjQ_e8jg9PNBMZvyzk4ZjtU,1bIlf_KBahHmDlJZKIFmnYSZ9fccDORuO5T9Q58Vwaabc7o,Zenit,552.0,g28O1jOtYqnNENFg6GroYmeZ62Dl5jKIAVwjOxHk0sYls4bilW_SIjfaTy2EK2t61fHaMvM5i6ylCA,1584100933000.0,,,232.0,820,I,239,204
84,H8suuLhqzRTfYN9WIeS-QqYaZev4wQVXZb7utT16WSFLRACFa0SkEuJ5,3J75oWgZ0ROF6TyV4hdzbfBgdA3LB_IXzqwQ6rsx8ILEa_k,gtqeti256,22.0,bl_b3Hpu5C5exxZMzHsomBUBKTNi5E_welGiKShn9OaPM5p4NMrfNQC08dvs8XuTAy-tFDDcr32d9w,1584956905000.0,,,60.0,819,I,250,210
85,NddjMrNbZrORA7kDVUMeaIxeXtjAaWoI0vMC78ZxSkHmr3uoc6e2u8_L,CVYdaArbu1dCvQqUf1CaAAHf4bhYQVzB1C_SIelRH936G74,내가강만식,22.0,poco5yhh5KP_xUNlWrB09MiXIfaCOw3xXNosTJ98fc3URrzkB8lOCyjD_6NCKkNc_KWvYyknOfrO6g,1585196617000.0,,,149.0,817,I,123,120
86,-sonWOGGbsPP2BjIVPbE8EZqDLqMN2L0xsJYZ8qFhd1hUt8,TBLJvtLNSqMr8IMakRt370xY96-PH9SWrhRUjbXwsMVhB4Y,HLE Haru,4498.0,i1myGn2TrsewnaZko3i2IFB1hNj8hF-WCC4sc277vkURBXDrXNntIwMZmJJt7wQDzFIDWAyKoVCcTQ,1585260787000.0,,,348.0,817,I,235,203
87,xwSzthHlww4W8yUJicc9ZHxIsrcBFAXb9Pg2-2xsddNtYqE,UB7c2xk2RuU3RynbBC5mc3NdH7sYR7ZJHz2MB8me9HGbzzs,QnQzaoran,8.0,DKuk7SmgQA00GmaM1sdO_xRC71tcRUl1LjNXgycoPaCdJcJ3mR3hxoW1vDHUhSn0Ax8maH4xb1yjfw,1584957139000.0,,,271.0,816,I,132,87
88,t0tp_dkBGa_HlI5hj6qiPnv-JH3oxFgX2sdDuPrOihhNUc0,ft1zEr4dairgw_cuTJKMhljv99kiwvn1zVLmsH_th-ARnWI,강정닭강정,7.0,X8QhDFrIDjoLgp4JsmibyQK2_yDQQN7J9lanmx-TFnmAjaOWcdlsTBWzzpxp8UZ03P5gwyBnvZvz-Q,1585136832000.0,,,282.0,812,I,177,150
89,4FvIXeb7gPDkGI75ehn2ZfQkgLMmTjXwMYRX8YDOXdMTOOZx-yvQLWgd,W1zssCwuHqQBtbhYLOdRwoaBSn3hkQ201ZNNAORpfQvOUb0,롤은상체겜이야,7.0,hUPsXglXUfDjmXTPuW0U_vZg2Q37Lgivxrt5_ERlNacRiUlt4Qj9vfbZ0yFia-hB-YK40Zy9K1w-4g,1584873267000.0,,,100.0,808,I,158,131
90,ZRgpnu8wx5ivFb0uROpTRIXxoaeuaR_4Mp0jJ14vrR79mVs,iIkBIGKUdsNkWVZ4naJKcnLCJDqSIzxtCKAMgHXP7NIFHlk,아라가키 유이,1160.0,SkXOLp8NrR2izH7noYLoJH_dgQT6_N7YEWUErKPXfLQSaQUwwLC6GyM28FOAvWv9Fm9EPhHUSlpIug,1585094614000.0,,,236.0,805,I,126,95
91,vsjLqSpvUPP1gY-LKiLFxcAzzrgkidxr5aJpCk_k6Sirwdk,S8lG4nU7tpq1zrBCBtM88-QBRGkVuJuM4wyIGwKS7hNbvr8,어나더 혜지 fan,4492.0,3AjxHpwfxOzzL1ks5MmYlBPMUvYM9DBIo49QABOwRVcGb2oGJt3yD5FeaJPPYhafMDpA6i7TPhcV8A,1585188580000.0,,,111.0,803,I,209,158
92,YfZF8fnA1MOJOX7tUQuyCA0OxHPdTLCUaDsWeYOvDDpWWAY,0XUIlEmleYEkriAmFhDPfCicDCz2YmGYJu0oVREsXzRbjcg,T1 Rebel,3790.0,6C_Vr6HrMyE5SkmVEk-m3sdmENX_q3vRksCKLEw0YQtrF3kZdQPF3cUiRA9XbiEC3wlEDJHCpXWK7g,1584881608000.0,,,355.0,802,I,154,123
93,rsowS5J7f-duyenu49aJMn7NfZDPmRn-oKj3uhLW50g8RL3cN42JjbPl,MMPXucQx8jbZuKeyb9wkzLG3Oy6RHUBOJMCbOs7d41VECbE,mogubaby,4154.0,OS8u-nlsRR-NRaE0QaPSV6s-gK55JXeIFBxzMAF7wZmHKvHjojevHNCTZCbg_uC5QD8Qpp-Un3mp4w,1585039034000.0,,,44.0,801,I,133,37
94,ZyxQUlIhLfdIALq-YmCaklMlnzprxe6eQKVab-YZY-hD,k01YrTVXNVKnE7GZjxfqhomsQxQNlD5ISf3VrWMiNFTXhw,엉덩국 갱승제로,1418.0,bgMdoQSBT6mmImGe0juYjP2WJ7TUCc9ChhnYVkGszXNQf6kCUUpd0H3VtRbHxGDrf3PUWlzAb53eyQ,1585196617000.0,,,186.0,800,I,107,113
95,TBRkf-hfcz3qKVgN8i651195GRd93_k4BWu773M-CTMIamw,pL6-dSMULV0J5oK5d6HMbF282XLzmCYe8tRI6CD-Rr84uCU,사랑해 김린아,4080.0,Y4F8N4d-YEgGbBsVUtm6HO3UwZmKbEpr84vP9rw7SBXSeGjyGcD-Ytoxd5VVMujXA7d4qIJWsUCXog,1585120674000.0,,,384.0,800,I,168,136
96,mpgZcTBf6DC_Jth2IzwlCtIson6Udj-EEbOA4GsFGwzxGVKFpou2ba--,WFlBnEzCy4MZ4WFhS09ti35V6n7iKs13w31sxnM789K3QBA,나만 사랑하는 너,4031.0,0eu4fstTmbGDU2zK27RipSC2GyeTp_otdDru5CKrNVk4VOOO9f5NNSydRgn10fa1-WSEDJHIoTDzJg,1584567100000.0,,,175.0,799,I,246,208
97,G61f14trrpaAYfbljg6mdLe37jvchXWQ72SH5ZteGJNM4i0,Lc5fIIX4sqg1gr93VKyMxHtUAyCjXyN59JwoX6U7CCSNsrc,으댜다,23.0,G1XRXzAKf1_BlSeebZxzRLM16lRp8AdjLcQsa2Cb-fKx7SE9TFKSTpZo_HFOncZNIxBtyAXUYPHswA,1585129885000.0,,,288.0,796,I,197,156
98,VRz4fQAyDf_vFle88u9ikVssnEnBwIiZTn-7yovCZDXa,igfPf_EchCxVh_HmWMnYjwRXn0dm_861VpQ6MSVLX2dZQA,Untara,4.0,Jr3rkLg-uXKSSP-NuWwDlUH4R9OnqaxVCs88qW2f-vl5zcOrWPV2B_9EviXLb0RfxzwaP-ooHjndKQ,1585134476000.0,,,176.0,792,I,213,184
99,M016KHsup8GynQ8zx3GkfCjh1q2bQgSA1rAzUOzPQr_CuyI,zI0MhrTDzoZlqsLVRHfFsozLQ9StyCoC2b8rocDA1HpQekQ,적산폐청,4270.0,nyddpQUXTv7-_Hbnpc6wIIDg-vhHBWkfEEy37V7piMtcz4_TZ8cEzOI9sw-FKumxvAwKJWml9ijPmw,1584854231000.0,,,125.0,791,I,71,38
100,87aHnNaldEHNsceV5aV1wyyeRYMMVgW-KXrvZhg8CzVK,xW13tDYWcJPfLJenTj_YWm_k4mASfpiD4j0vUJwXx3NM7Q,말라질꺼여,543.0,nr9ma4XKPDOrwz2L4KRbVonR8lki6GPPrBkYpCNkDYRyT9ujvZW5t2HrtcTgKMz5ad_ewodRN-0gIQ,1584857123000.0,,,348.0,791,I,246,225
101,qdUQxmMv7qKorfyNnQCp9QPsiZ75H8bMduSNmnusraxilvU,nKyMMWfuiyuKfd5Dbgu1wMVcDNqq29crSfg0EeEBSP64jfw,아이러니,1114.0,NDPICEkxODaeYhhVgfoz-XGfecAAuquZe9EzZ47LSDby7U6qRVgFhB0zh-K0lmPoR_tJzzstes0UCw,1585053722000.0,,,175.0,790,I,142,110
102,FErRfEGZAfPHUhtan2yi6tQ41WR8OSLuw69hAQ2nC24UBE8,l5sCos_kXivpHuHkxrcB1pWhjaPx7xFy-OT8geQp79v7RJg,DWG Ghost,3804.0,wcavZkM0byIqbL-S1Bm320jtr-WkhBF_9U7OTfnvQ0AjVNO5yREUKxJpnzbbQWnddW2v4a0tHMkspA,1585188155000.0,,,273.0,789,I,213,180
103,mRHYh0eHLlzin_tMAhQuBpRyvs87JU8fwAnRIXmX2Erii91t9TW98KMH,2NUrEYZ_r85O30z1yhHJxcC1JSjQMdv_oVaMFSgm9CtiZs0,gapggg,22.0,f462NuusITgYw3T0_fbhs4rTJAcxYGmKc5HAnc92xuVwyNUplrkEz84xW4jOpqQ_cHTRLMNwGK6FWQ,1585101674000.0,,,57.0,788,I,228,178
104,S4RJstMFeWjG025Au5uNNA_kRPfaHrW5FOSpFVjNM3_8Uks,W261rhV6tpMIJC6I9UvBjlCrrOKZapZbRniplKZRmmrAxkU,코 태,4492.0,XllxExb629eXwYU8KK1BsFPGk7UdEgcWaQH5NlbIbcDAEHM9VtYmSIfNf3gUKwqvgg9kkYnU79k_hQ,1585251253000.0,,,242.0,784,I,85,96
105,kWvZcs0hfQkGfoRODcTU07wFNq06N4KBCpcp7axeUF_Iggs,jOkLSou1VdrcCIU9gaPE7YE54RtRJPd2YxAgxtTRjG_MBUc,내목숨은아이어에,937.0,f_nytSVBl9aL0Q_7nbpAcBipxbK2dnDiS9zrvn8pASTl6vVXkFCXHxQQI7QhxHs1zf17ImXbSvLbdA,1581994516000.0,,,351.0,784,I,291,255
106,tdPV9B3PVFP8G6gnAIJ2lCdZSXjgWgxOZFabXNxcdh00RVyPlipuiUAI,wojZI52wk3Uc7-Vqq9jpeRxo7jtb26MwQC7p_H0Db4_rQ2w,몰래키운아이디,6.0,PQVu5jXCI_vYT-4nLHeaCLzx3yiapoW8sWPBOXNHMo_5B9cRgXw7AGpZcKl-A2HpMCE4flfUqwLBYg,1584935581000.0,,,73.0,784,I,83,48
107,poOMoQHoEoTzQz46BuOL4CaAO_G_VNLYYqZdyGeCigCWisw,fsVX4BExsamxN5dBOeVeBnGSeTOzCuZjDdyCURa0MemoR0o,Clever7,7.0,dVGYXkWF0ahJMBdf9RT2kB1JIA2HF4Tn0Fu7nG6enzKujniktuR-IClTlk8b8rB12AvRNh5_SisMJA,1585202554000.0,,,292.0,782,I,100,114
108,SFLpkmF1KsDp5P9FYrbowL7VIC_x60qTD3FlQujXB0eR,3dHNcQGA1Jan8_tgDPSkgQzLwp4EMMU87TMOAXB69MDt9A,어니우기 Youtube,1298.0,FUD0gkL3PCbuXg4pmZ7FZ3diKjGZ5d33hANhO_vf0eIzLf_7S8m8c5zYcQaoEV1kfTgXMBxrWbG8zA,1585200557000.0,,,159.0,776,I,179,146
109,2Ke2yG1NShUJWiEoWufWfly6gQhZ7OL-4Mn_QUHh3Oa4gxL7GgfLVX0U,PlAO9p30v7BbL4-opovHqcKbE6S9meRaZXXJD4r_0-xvJGc,바위게 두마리,4154.0,hFiimVa7E8UmwStALTmQrq4D9HoVD7_difN5vk_f0TQ51A08-YqAgT0_WSYJ08ZVyRdHmQi0THi7Vw,1584969558000.0,,,231.0,774,I,237,215
110,oPbIzt3MloWrRa1HqCsQI068nl2lx3sg5qCvGHGZ35U,KNjEDt02b5WdUbB8R1SWSrfayme9x5rfCj44pbdle0QLmQ,O구거,516.0,p7UMPhF2RdHDc78YhGJYU_aWMcZZ6tRcBleDq4EQDxxglrXE3g-KrMX6UjMdH4C6_VlTOPo1DBd3UA,1584618630000.0,,,284.0,772,I,214,182
111,akXrUAXAjQjcWlTgfZhZyx2mHwcxQIUKsbFtB2f7kL4Z0gA,7QZo8LRI_Vx0DUvn2BOP59PC395EQkWJ2_39UJoPydHdFSY,xXx Winter,3591.0,u5mrJlp7Zc3eXhDmgFxzNYOqss6kvzKjSbZWmHvMlaHMYdwLTJT5k68stDTOSypqcGzFUqYXWA1Qew,1585302684000.0,,,208.0,766,I,189,158
112,k1clnQm6WYzfh-3jDA5W70Cv3vtLS_oZGKvTNm6m397p,19AN8s02uA7CzGI-2RvMuFqCHPxwjaYvzTd3pH75VZ8D_Q,역시폭군,3231.0,yZjmDRb0ErXKBLD-h_moUXnQK71d8_K-89poiIO11NB33g9SWz_WxAEN5FZSXqGG77m4NHcQRFm7uQ,1584784363000.0,,,172.0,763,I,194,190
113,QjRztOCIewdDCAjlqmu6HDYuGvnCY5Vl7Ct2mQvhHIepor-b30TX4Olg,SpkvrF2aUJpVOYcH_ATsEVXIOtRLR0M57WEnFzsJgCIxSss,아라드,939.0,QTY8aItqk-aA1WgtmssozodqODxSoKwFLxUCnt4wZZx-VOgnRo93XdQL_uFoeOjbWJCYr6GHq7Rlpw,1584774333000.0,,,88.0,760,I,202,162
114,xDROqRJ6FpCiQWZEzXaefq0jAeELFsnHL1m-YreoaH9laY0,6HguXhFvLez5ziXh9rnwcysdzw9V86zpcdxMlkHOmT5SlEM,HLE Mireu,4405.0,06NMVzWRL0HVA5UkgcJMjXs1JcvvTtPHGQdEOfHHWIz7Hcy3N6QQriUJUM2EXQRPCS-0wml-7Rxjcg,1585177197000.0,,,388.0,758,I,238,205
115,BI4JFspA58cC-NDcBadXQnlCBq6PDJuw6JoCun9gOqIujHieqY4TIH8Y,UkPL0mrOQ7a2ovxE6mkizMFuhneVXBHabHHlW-LTyy2EvVA,clrflni,3837.0,PLYFZ8u0Tcwpi9sjA92HOlUpOFYI5YfSqaEY_pK4LhcT5SKh-_2oEfpuVpdy2b_V6E6Ti3msMXv5zg,1585221973000.0,,,58.0,758,I,218,164
116,PgqKIwzRH-dQEb-MAnBUdfYPklY8J_uP47uuMW2D14sezwo,9HuaR6YioDiBA2JS48wZGbDIB2trA-6tYPjI595XvxPWP6U,김마베,4027.0,aaVZTTZHlJwxdHcfBUY1i5T2TKf12Snylzjn8u1cCYIyycredz2SsoVAaYY6nVcg7QtHtrGVqi9oyA,1584879664000.0,,,441.0,756,I,401,364
117,4zlRQQN8YiFOYfzLO2tSwoSsdlPXobBXkZbCjdOLN8FHkkM,1O8OHPdbePHdorOt5p-3G1jwd5IRy9sbXJbZN88LeU66Tzo,SANDBOX Lonely,3838.0,zwUhdFbnprTuInadYjV0svDdWdD5NiSSY8EQdeIEEoTgtPfphK_QiFLc5HwHBFMklMHWeUDWUnnL6g,1584822888000.0,,,274.0,754,I,207,176
118,Th_sjVNl1rtEgjQigg1rxa8oSn73gXEBBE2YSn6yDu-wGThEPtkzzMsH,i7sH-0JfI9GJJG7w5YQHlPkHA4JZgOUJtAQZhXQSJtRMjsA,제발 이기세요,4491.0,1MD1F_Oh8pTjglCAQYDhsKXOvmAJ0KevPwazfZWBabUTQqi2CP4YZNw50pGrtZBlL721akDx17T9uQ,1585086833000.0,,,64.0,753,I,125,113
119,hYowxv5IRcwhED-Cs6qo-z4IXUUSX_vqafgtKOQEdqTioWM,kNvsYhfd0GZi23VV3cbp0McmLxJRdepNuhVXJQFFKut6AzM,T1 Closer,3864.0,DSxi8lmH6mx6-WUmTbcdhgmRcQOmI6UVVhPlNdA94mociyz7sx2tlXRGsia1MZuv-BJwdpR_1309pg,1584841618000.0,,,238.0,753,I,219,195
120,hbRK1Ja42eWSOMfd3W0ccJ7l56Qca5lA8Mbx9EwLSqCOWAc,22A3upYjh_GHB-Lruvi-Ar-QkPRqIIBJtiisfGV09HzebNw,0rangeflower,3478.0,xB110MXopKxSoeEAEV3jsxG5pm_MD4rEuPw7RiaZ9NK6pAauz_uruRMOVGxkR7sYiA6HyfrFGuXdKA,1584618853000.0,,,331.0,752,I,247,219
121,DotaUIWsBXIuo0gdcYWikps5-nvtz6M0qq_MiLvQKU9n85U-Nojyr6z3,aTYFTWJnhaPUKlXVpFBL6GIFzd7mKKxLgEQPMJjpkPmF3Fs,whscqngsnmyyssgb,7.0,hgm7cZP9P_t5Xkk1lpV0TwiH1xLZtcyD0KBO9MlCi21U-VOSQmq2rZt0Yq3_Ts5VjHevUzaRjRwKGw,1585283331000.0,,,69.0,749,I,326,271
122,Dwzl_q7ZlxpBYd-3m4i6wOeI0aWOyIohxMXeyRekEYJgO--snYGo7jMC,qCjCM2JhoLWJZBvkmb6M3P76e-hjpMJNhiO8AY69KwjsL1Q,8fenzhong5ji,4285.0,vbNTJ0F0qBr0IWw0cnYsTfrWlbR5rzU3XmnHD9pfaVQGZX7huv-cC-2D5A5--GvG4e-L8jW4sIrumQ,1585044893000.0,,,159.0,749,I,138,106
123,SFhyPZQFvBgT819H3v5wj6v0wctdBNUOmYKWBnaTghwKWRU,PwKsv6pt2ODcmQ0AgY1DB9MqmmoUuDOnJJXgKM016xVhdpA,FA Dalka,4379.0,F5invglWN0IrGpMkQLAAIHvZMd7rcQVG5G-xSzjUDSvsVsF7Yf7OPMyDb7bbsmHK2NH6M3oCD0A8Iw,1585198624000.0,,,102.0,747,I,103,101
124,Hy90NfhevigBbk1y5861VJ3dlK_HA-H9pJK75c9LJkdAllU,Oz_cTkDC01EiEHworn0Ao5UFeoe_aFFnKHxN0XqaM3lmpdg,만화갤러리은다솜,19.0,VJor2DoDNFgHt9QcsvsuZ4SoqFl_wv67QnxpH0f8wS64NZw-8NN63GMMJUsnxOg9igsKqD3dnEHH8w,1585122631000.0,,,149.0,745,I,73,72
125,rWhEK4EnDkEwqeVdfjYicNazisxEWQUDGQsU6ZFcBG_dNzHQNGoi3FeX,zxTwCCLV13RoA6S465nqHzYPpJbEuU4nhqK9XMfkt7q3zgs,Lovecutegirl,3836.0,f8VCyuUKgETSWFDX5fd9mkH8_PkqTJXkmCtF8eaZ7fn9OY2Ow_600WGe2XNGX4PsNHiNcGy8heT0Jw,1584790056000.0,,,52.0,745,I,170,126
126,iPiTIn8zbY3RzZgW-tp3PF5H9GJNDIdVTy0ap1weT6oO,mIs-FV9jkiPsjNQHf2IZu-rKOBeWt4shycEqRWLooG1XCw,Axiyo,564.0,1B4YluRyoIsFDdwF4ovQ9CvLmTofDKHnzLzYsZkSJXJPY5PE5nWbQw-vaGHVF-FxK0IfSoeN1w7_gg,1584939132000.0,,,126.0,744,I,92,101
127,ST4I323iLmSpFw5L6XosnzGqwCZhXUXENcdUURRTug1HwNQ,7dGjG4GgbBVl6_Go0lZ8YbzFmMGxzHDmHmBtods4x3pnLTA,한 줌의 재가되어,939.0,3TehaST9LhqmUKjOwDilCUfaeUQaObv69C1MXNuOleTALMXVOx1nLHQRZfQnDpzWmbFqxtDNpvHJOw,1584349852000.0,,,287.0,743,I,125,80
128,yFvuICIHYK_DNkuv_dGUjTPu4f-73NwGNroPA5oBdG5C05Fvjbtij4tA,ZSs7X-OoFNVnAcVRvk3sfVHrjzn4wortFknrZPfv_SFBunc,sun9,4492.0,CX5ae6Ff3BKuukDta0SghVLQXERDUueEZ3ySAZQvQ8uO31jGFOQquZpZ_oe6zltrxWYNv3Lbiwt3QQ,1585002534000.0,,,228.0,741,I,124,97
129,PySVJMgBTRCqicPeaCO78u_Nc5U7q_HGxJduZf5eZYmd3XQ,DgKeHKc3oQPfPNMSU-L3qqvl4CFjqinSlI-W_Fcb0NglvG0,Roach,3790.0,BbmHfTw0Dyty5cqVMAcCsypPVwPqrZUcC47qNyRUEr8AACXa9StS8z9RK1HfpqQdqOcRj8kN0dSpDg,1585275266000.0,,,197.0,739,I,173,133
130,s7vK7l5t9Tsuc_aGVOGLNNnvGragRGnui3_RLPbj4XSU0rnLz-hMvyIX,b4fwGR4mjwC3aVAQpxQ_pSnRs66ZMdmo3rsYiPkwVR62Yv8,black svvan,4025.0,7exHRSsqWGuDLp4aEg3VKlb_37VfCdojYkD0KBR6zYYJg3wOoCARJx70tyByfVU13kQEB1KzeHwNhw,1584947422000.0,,,57.0,739,I,207,174
131,JQECE0tXUuX0odbQ4RmDbkFybKKovB2xPw-GCb34ug_HC6fPXHgenweq,EUt_f3NSvDNQWLVlr6UqLRe7by5XOzJLB5Nh-DQiwzJ4y-w,KT Aming,4207.0,mXi9tJfNsPuP7RAEujcAP1IhWii3g5uFuQZxLrRtgYc6QYyzojOJKGrvaPClJF2vlO5f8Vns9PG9yQ,1585129036000.0,,,160.0,737,I,120,93
132,0Q7379Ty2e9XGPEDxj8kNyY7dkypmRZoTtqyyK9obUT0d6nMV05_g1UE,B-Gr3-KbM2AXGZsyhCDmf6oU03Nhf-ZkARqtIB4Eu_UQRdc,T1 Canna,4418.0,O5Fe74_o_fbWfQB4ZG3KHGpXga1rau-mLi8oNOko57CxC5werGaA-uHK-yoAYieqrKANU-Etb_FIKw,1583834057000.0,,,254.0,735,I,253,226
133,7zc3XkwwPB56wJh-_QMiD89KR5P5YzNHiCEbE5rjX6I,W-oonEJQJut_lhIEDwZzLynlZb812479KMS06uuDlz59AQ,real gankster,986.0,R1tH2dC5aGOLRZ0dOht3O28-TUiF9Ugv7GYf6R1yvXg9NtZK3AxmY8qEJnHBBAjxIxQsBXkaTVJ6nw,1584156196000.0,,,331.0,732,I,242,210
134,XqaB1vGuxNb8EVlTar7SU13YAuwPgGpfBjb9xFDzQuWVHLg,gnEKZmrlluX29bsxK07hGJtEoLcIZTltn0zBAMKbVg_1a-A,너와나의연결Gori,4022.0,4O9EdoxpIguJI4qYi94WwogZpYeR5vmmmiFCKvODr3GNAQsF1zkCQ9vmyb5q-oEx_VrUyvvWa0Pfkw,1584163878000.0,,,213.0,729,I,179,155
135,BIsjRwYnq187Rj-ubDIoxGecuXtvG5lQCsByfoGazIgiYuQ,NTZF2v82pnB0Zn5JyNmHuYyiCJcXv61S0iuALISDWo3jtrA,T1 Cuzz,3859.0,ziWQYQ80ZrGdxhmsC7fvrT4g8DlvdajNmm0BmR2-RCV_D5LGDytlZfjNaZerDet5lqOiT-zSzbijcA,1585202554000.0,,,153.0,725,I,136,109
136,d4zdojqtbwNVMUcMFst_vnYLhYgnWCZd7-rWp-g243TQvB4L3Tg_HSb3,eEua0VXwjTwth2jTf5o8q1yy7i9aPXBFwIVHwYzYVPcT9rs, 초바 모자,4025.0,JAViqu7BtmFlfgnj5euiGLeOOvkZkwfRc_g18wnVCIPkQLpVkiQZ-6L89pGC4ZWgbMIBpvbRw43nLQ,1584233391000.0,,,51.0,724,I,167,126
137,bFmuE6mfa5i8Pfk94owew8LR90GhkWMvAYPZULDtY5oMUpw,W2_JeFC2KeV1gf_a_G1HSv2uTnxDhiQe7ojHvq-sH-hq87M,기엽다,4200.0,GrC3rKh92ZTdsA7SLgSCkmdWCgxiM57ZoXtDu8aRRPtHva88s6OFrsGAueaxBnrrL2y8YUZRVQcnhw,1585157884000.0,,,172.0,722,I,86,97
138,xh_pYeUlSCptmRYffYqwmFS_o1CJwVcOsWcC6BV_SK42KS4,UUZSMax82sfqWNDYNeoP5i_KIEtAyf5IikTrL05l6XNBJz0,Gen G HaYoon,4353.0,Lp5Vi9hpNOx4Ku0Fn6vfXbPMJUKZKiuYTxBOKmoq0jXW7cxbUBOtIJqEuQGpxppu5atf5DDEgQbCrQ,1585113779000.0,,,265.0,719,I,222,188
139,P7E1zB8vsKanropKYsebXe5apdevCjGmkLcZHkMvyOThUk5py-CHBT2J,xnDYeRcjsu2yvRKoD84BNo_oEomPoeUFw5NkZW_9ZBxjuhs,일념 천국,4527.0,wGAFCYbr96-unjAqmqhPONGVJrh6YVkvAyhlCDDU52alpoG-BAi27m8D5nfoAuz1cKjgcWQ6jbD1IA,1584646486000.0,,,162.0,718,I,157,116
140,HO0Zipwm_4RS7iUAXmx9P9ILHDFPmUt2xbMJJlAjtIvl4ezV0O1ga4f7,uvdUKxww1K3sRyeU31UtkFy0bzQ6vSYqx1lDL0Z-4xFpdYY,Z RyeoKOR,3550.0,lXl_ceeywqC-_K2MgC1Tug97fB7SgGPAXtyG33le56iEqxHFfaWs-cq_7GsmIFdOjxeoOFFgPwYjtQ,1585202327000.0,,,102.0,718,I,379,337
141,WYNc0fmDvtRbsaFzYk1oZ9fDgOetiPxAobvaR70semOWk-O3u127qP1e,npcmdztjHbGnMBW_A34xskwxIDnu575E1ewLYX_0el6vSqE,wdwtbmlqql,4025.0,KIykh8WomZLq0tZnkGDGaSah9P6v8PQojNM9Y-jamSopOPU2NRrh1A01K-q_y492BZZ00R3s9q5POg,1585310424000.0,,,46.0,717,I,140,95
142,TxErLi8owFLAs16_J2Gkapw0qTWt3G0-BIicFQ_ALJ4U0h0,xYgMzs1sEG8F89OMxVR-rRyOlrLSJqSQsTqpEZe76CLBQg0,ilgwom,3167.0,2pwO8rg64T1cAIMqSw8mFmtFp9MKnj3F1ebVCK-S1u29-cDRgIVpOXV941lLTfhuE9rZGazDXhwqyQ,1585011856000.0,,,83.0,714,I,213,169
143,1C4v3z1Ly_5Raz1tWO1FDkWnEq8V9sxnyM9TjiYe9O2EcTA,cgkw20LcEbkxf1pkoa42CSzDC4lBqt3waYiqnpyrQxWP3fM,HLE Bmav,4524.0,Z3xds9glQLJk1pfOe3HDvWpu5UL-dyXU2i2uZako9K7Gbc6xLw1KFAfb36leOpb0kwDpwxaN-hrMRw,1585306626000.0,,,158.0,713,I,291,267
144,lTRGJGRJDe8P5N-vdkytu0546-F550R2XEXh2_Ch7wkCPx8,yg-ns5muoEHOS6hT_48qhZ_5lDR48R9AjWdFeo3b43cJnnc,견 백,20.0,8UNCdAp3wbap8vgZLuT99AFCgjHIxdIsBOD2178S0iADPEoxFsHAS-jV4mrmjRSHMt0In2XX5AH1eA,1585143892000.0,,,285.0,707,I,82,98
145,Y_NvHnAwQSLbpN10z5OcQ1AcJjRAK4ybh6txzDccJOQBxhS6TZXSv23D,bfU9Aoa8Gnok7Wh2l-lXwpUdtHlV8WCALpLtF1xDGRjqOA8,9Revir,4.0,x8xeqBS9yOiSr1E7J2bg2NMnu6EfVRhPyXzAbyOfrynSYjiShL3fv_0r63UNQHiCpdoZiCdJWDw6tg,1585222785000.0,,,95.0,704,I,155,131
146,0LqekDOPPRrvGhqwtL_pA4vgqsB8d8kFzk9Z_-32SmR23x4,9ZBFiAifgeAXflE65MgXvVHYpn9uXfQRLRr0MDTv3vpF4VQ,트위치 아라드,939.0,aPC48vCaK61DPr_-meAqWs4bUpcA23ss1f635wmgoNfC4Alc14Xz_WTvUJVLMDelJnjiwCUFV3s9wg,1584957068000.0,,,215.0,704,I,131,95
147,r60XDSBFgXAZlFMQeJ_WkoLuQ3E1lexxlYiS52JI-8fJi23wQ-G15e0S,5QMDrlra3fEjCiKcYaYs4GUxbT9GPyZdztmSYFxxdghb_qM,KkOma18,4463.0,RtiqQiN6iimm0u_7cwvEMB8gaKJutbH5x8aCw4ACyjShcK3Otd2e3bCi9jMsS7OJxLy__DomFXjvdg,1585138673000.0,,,99.0,703,I,247,211
148,0VzTVBWCaJhpzR5qD9YbO9wE-0oNwCqtjnZ_C2ONfpub3Dw,R5Cj5XuUC8f1oVPP2GF5WS1K_HbmWmxqn5BvfLRnAJTGL0Y,쩜프킹,4280.0,srszJ5u_6KsxtNgpTe52zBx1zNjaCRHuAKR8Huzwr9hP1yQZ2ReTpHT-ROsqs38TNFV19N3HBWqnGw,1585134283000.0,,,127.0,702,I,135,116
149,Rj6NTJWjC1c_yW8MZ_WUdcKTsZD5rvLymTBookYueun2_b8Iaq3RoY1P,V3KS7dFOzf3QOd1HQj7BUFozCvWR8u0HnB-AkwvPsi78hyo,ad202,29.0,KYYm_MNWDL4oDn2tXOzaswQaxjlIxrzBO3aJGaHEq1mk3GI8m-mpUqdkWim94qJL3bvcOZEYNlLf0Q,1582881262000.0,,,60.0,693,I,237,195
150,CWn3GPJhMBuSZOynSHFWV6PekN4GUpOtauLnHo28XJ58mljjRfGryaaH,A5WvIwftDoWfJXIQvvY_BEZtcIBPYpPL1O9JeAAO5Yn1oq0,meiyouQ,4491.0,Rxir0bsa6FJKkbCpxe6XUZZbgH6r6nFU8k7bueVLncD7mgeHAX4YaZ5OTbruOMYdL2ya344SSpkovw,1584956905000.0,,,64.0,691,I,260,223
151,K81BH-YaxpRjP5e9YIRcSvydwzCneaxr010YgrSMUfN5-jU,VZZ2sZufE5NXoX2ljWI6UNC7ylwP6xyxCG1w0Kk85lKjBT8,호잇이,4107.0,K7h27Pki0drq8PDTlYrKUlDDCOPRM7IPxQ4Z_hV8uf3LinRfgQW_EBGRI6DxKQRPdIfatZo1yFo_9Q,1584782928000.0,,,382.0,690,I,306,271
152,hehsXERBitmThz1lazxhKz2r9fL6zC24LaVV4F-y8kqxwxg,DSB1D7DQAIvd_toVHRhiN1nYz7Z4x4PBk8B8zxfPH3tsJX0,현실와꾸강동원,3587.0,U-0LamMywoezlfm8MAc-QXDDZeQrju2T83Okzrt1QNL340C-E4IpCkzoNBZzxdOvDLrAblklrhgbgQ,1584709240000.0,,,214.0,690,I,82,47
153,OzLFX6hMtvkVgE9bU1UWKWaUz9s-5k1zqjqCQ3YzhJjH,MS9MBgJVR6eIE3JedWaC2hq46tKqNQYvxq7NmXDKBmaNjA,달성서씨서예성,23.0,JJ5wEpus-f-e5f1JJsIPzdgvEgZuOqSh5QeBsK86yKjTPAF-wTwQEX_KInHep_prTm90fB9GZRENuQ,1583834164000.0,,,374.0,690,I,218,182
154,g_5LFKi819BM19hlEFg4xUZ24HTXcN9lX5fxXHd_d2ze,74KhxMJzvztR2MCMYRRTeltTyvOrDJaYHfo12MPNQfT9BQ,Swordart777,1116.0,hWc-aYgIyOm2tOtN8SniSzgXODptGMtCYokxRKtapLIaqW1Ebv8vjRwd3C91q3OKuZnhrh3OPRVKXw,1582964344000.0,,,158.0,685,I,164,137
155,eow6IQcAPsVtESuB73wfvZfa_YbTFbYjsxb8Dw4_wHiRUuE,92tGXn-1HVmR0gbDmPfUAEdnPRotpuEzgTEDEfSgmIzawPs,jkjkjkjkk,933.0,j8Z2oWUI4T_E3HyjlN13sPdZvLQpN1cf5POnul66-cxwDPs8UjIkEEiNNph9MrnCxXDKf-7WAc4FWA,1585297372000.0,,,442.0,684,I,284,254
156,DjvL0J3u7ZpE6cFdgLXKHFOaLIKLNw5t8EfP28iue-8GNGteI4tUxBQo,KlbGwl6lEw00yVZTRAH0UtjIfpfwJ3jU2mil4JvnHP8SLHk,Tender affection,4498.0,g4yrmHOTF6ctxXk-pOahrK_TcNxumIw5aLmlPOawDjv6h5b_TYgOJtET31xDjshDYC1Ovtvtf0P2kA,1585287793000.0,,,124.0,683,I,127,97
157,OAYQbYy6CFOjKlYpBZPJHS-JQbq36dS2tqo3rVrV0JI,1rDObHmXbDrm8u3auYYXHEFMzliMmuTsmevApVZgJsPCNw,3Lv 2v2,4025.0,cGybIb2pA1AY479tzD4Yk5F4hRsE5LUy2bY_75I8GpkfctxULuVcezggMunzfWo62-8l2lLG-UW9_A,1585201261000.0,,,229.0,683,I,113,84
158,ExiyR4juEyMPbU4dLopV6WHr2ULInpFtz8K6RlZFImMbzmGAAi1eDgr6,csVoH33N-NoLuuPPsYj7N9fV--sQLmTEPvCmKuhxNNlykjk,dudududui,3839.0,_rAM6U1cyoJbnpWm6h0WBLN9NChTtdUp5XPOlqW-4a4kH_UKb5KQnVnvzn0syZyvmQrz2f0Bn_-WhA,1582622693000.0,,,163.0,679,I,318,288
159,d2aG4qX3YIDr74OU_ngQnhBfg_e3l4FvdqfNt1pb90iexOYDOVl5DUQg,PO5IbpNUnFnlLayZpavtx1rXnuYd8LeUdLotxWIkCmptdY4,i am lose,4086.0,jGsEdaE6jTeUmJB1gZ9Cn6bLLexMNC2pPhM2zah7ucQ-RTqjfpL6SsdWhyHD2Lw-26HiaGjqPGOB2g,1584843020000.0,,,191.0,679,I,104,80
160,0OdMmtgOfBir6FM9FoHl5NNQ736Bvnzdi2LUzjrjubHU,US9MFbXMCbKhyYVo2TLGAVbNKWDlHRwr8uFaBhAw9Z9mdA,DEULDEUL,746.0,5CqX5r1vukzy6iB0L2GiMGMPSg4SaiTFTl_9de_rWFGJusDp1OWNHWfJmx6Ge8cMpwJnXoE1NL5jxg,1585207985000.0,,,230.0,678,I,74,56
161,MSos0aN4VXVqHX_p0q0RXVeNPkwSImC1ORuDdtsZkSLe4fQ7tB4pv_to,xeC1wacIR-zudxvq-FxAqHi3AqUffUH_1XOx6rMA6yfKVzI,막내현진 구독,4418.0,wIoTVFAEhhB-mC2h_7EzZCOXIRji__u90yMPEHuyxc6q35-tc42s7rEQPyuaISY_8xvsMdW3_W_tYA,1585130636000.0,,,161.0,678,I,183,195
162,NYLTFIYU4hrlCRdZqlq-ovx5xXfZixAKfgl4ecVBJKFeEww,iypj-m7-sFvnHa_pQn5bbE6zgetXopDkybYlGzAFGZnEhRQ,명구리버드,4213.0,6eqpSxpqF8YLHpOyBw6Jq6TfspPQ5ADf4zdv6PipJFH0gDeir25xUHc06XY-d8K_y17pQ6DFqhlSfQ,1584756028000.0,,,293.0,678,I,203,175
163,_3EZqRjleuacfN0QzHRGZwA50UeoiHGJRbcaGHOE89zxjcVCGXcMXSm5,jDHnLLZaPJS44WtZcfQS3RncrNxAS2aNlj27ZghLe5CVmeA,Aorlf,2073.0,AhLMpfvNnpt8e7Ju17JrFRwimaNBVn-GVdz5N8cxaqOjz8E8QC5Kt6-EJAiOi_UiGqm29E8Aq1BRHA,1583616311000.0,,,92.0,677,I,295,262
164,mNfDTfrEmzKPza6WLkKI7eFNccO5QM1tpJdt-jGrGeTpXgY,R_FRevbtfoVJ68dd25dWgHJySZBsw62f-QfPc0JbTJlQk4M,happy   game ,7.0,uUZGRBHeod2QD7_aawDBDo5-x3CHHBBd_CckEOzWXipq2sUMWN58YY_-4M769fJMl9SBRE0kX8nwUQ,1582975618000.0,,,436.0,676,I,408,357
165,iX6z9Q3Jxcvm78UyY1TMi25jXFaW1HJ3g8TI0cMcpjrp,p0awug0GAZvCEfzovMwqeHn_QGQZ9ZVXMeQOcj9Ly12V9A,초록매실비락식혜,1109.0,GPEIqybuxT4uQQFFwAgT896AwEEDJtdgWwFNG2jNBdNcNXro0G-Nk-8y65BBNIEWnBB7PN_MXXZcZw,1585042702000.0,,,340.0,676,I,263,233
166,1loxuKBNUoCkYADNozB9EBBkhzPN3UqtZXn-b4VLncaImOca42dn1kId,vSmM-mlMrLwBefzP8NiZYZVZK542c8MuJGi8deKF7xXP-Go,혜리누나 이쁘다,3583.0,YOr90oSGQQxms2mZ1653VR7dmghpzAFJgNcAs1FnflTcBGjjckfP07inVGP2CpssUM_oDP0Roz4xkA,1585137143000.0,,,160.0,675,I,259,233
167,wAiaM-I85RL5VqrxxlrcYQhjlgMPdrf1VaBys8Wz8Ur8,O2K0oxgkhm37K3rEH7sC9y6n8Cuu5IxumWE_qW_jVywJsg,박투신,3879.0,pprwjQWnltU0WuyK-tb6D_dsA38zFfPHpYC6NczkAJzQ_esKusehccrXUVuChhwnBKPiq8j0NQEUpw,1584963229000.0,,,196.0,674,I,127,109
168,Ri_9R8Pe-rJ_WA8yg10hZHYcHHi8fvMNIISnTGg_Pjt3H14,z6rkn_o6s09rkKFiqge7EB9HwwjF9RFUAyqA0-TiQ6iKSRM,SANDBOX Punch,1391.0,p3BsHVMoWWbB5KXYcOwJZXLfUhxJNuzCXNem6ZnkTdKv6YTs1CetBwEHMNJCRyQwWVEgXuVhDnqONA,1584178610000.0,,,227.0,673,I,179,152
169,yeceFtJvRIPjclanQ2DKa7RASnNoHHu7VTyLHRRSjc8J,KZePCeVR4NHCfOu3lCp-AMrhynl-2qi8qy3uFmeSMOJsBw,단군의청춘부재,1630.0,kA_PJNbjrYJJ4u5Dn_WfbAzQ9xDrSP68FE9qaa8FigiMSh_6COLPEaDxErg6FJj6Wf5LInZMlHL7YQ,1584774410000.0,,,257.0,673,I,126,124
170,RSDBFmgmAqwiNjVwZ_AA3ORq3KsFXzx8wqfICmA5yL8,fR0rDVJZ_RTXPUifnJ41-6mlAhDEB5cz1u-7cdMiPZF57w,GimGoon,3.0,rpbsNXDvsGVefxVKkCuO87y4QVGEhVxZX3gC05_-d-cYSEKHMNFz2u7zRiV0MHQ9lARVmE5bpNvpYg,1585097348000.0,,,157.0,672,I,281,247
171,3No5fAyXbnZK2PpYXiQG6URLloiaruKRsYEGAcYY3Umr,t7JA02cAw35xZvztR9DoSWMdu1TS2vJEXuChegr5xi7pZw,군밤갓,1630.0,nsnlyKRGzOpHedfzLyI05mckYWSbxHyyaXnhgHbX9cUNkAOmOJez6NvPQiqvOt-zzS7mgW24hfWLcw,1585196189000.0,,,263.0,669,I,112,80
172,iAy0Q8hN__kC8uvSIvQM5IDst6eSqyNrZr4E2H6MWK3JSrY,PTldI4GCfS1IyYo-3ZkbyEhrdR1YhN26vGYWx9T7ucqHu0o,핏빛 계약,23.0,sd_2HMOkv0bTz60XOH4ikM4583GuxlkoM9dE1e_BnUmO081VKk2IUL1gsETa6U47bI7o4c57tNgE7w,1585003407000.0,,,463.0,665,I,80,47
173,2nKoBcYoUDcznIcWqCF4V9e-hF-PgkmEE468evX7bEuV_wI,dOyt5ZFQB2ODgNXaVsHLZNGgJznJMHsZgoS5eIn2vUTM5SY,롤오브레전드1234,20.0,3ErWlnL6VcJcvrxRM1LcsOtVCLRngN5aXWyvhbGx79ukC6ddbH9_RrFfvTGIALUbv0k0QLVCGSyYTg,1584528269000.0,,,249.0,665,I,80,58
174,dQ8WbGDGLJrjbs2tOf1UUcgQYvTZ2pI1ZFEW1RnCC-Ebh6NHL9kEFW6C,S8GLekK8xwlJ0Mi9Fveotj83gVau-ke_y22sHrXFsRnEta0,jiaoliubingqing,2074.0,aoItRAwP7zOEk7-ynXk_82qf9uXZWjVwYHdX4vqu4QXLmSLdjUgk3Te8ifBNkaqtx3uc39nJbBfAhA,1584439769000.0,,,101.0,663,I,224,190
175,aJT921Fu4AO2nj_i8dD9lQq8Uu2_b7JinPcCxVVwd3o0qGY,M7gxDz-0NOMD0kKE1tJBHoHwx8fjmc5X5NDMp7T9PIyV2rA,3레벨 바텀다이브,4.0,sAMCxrv5QPqj-KbHdoNOuwlpmMmdpKaP2eM_HutFKLwQK4TE2SajmQGmuhjUitAtGUzT5P1SnucBrg,1585103503000.0,,,294.0,662,I,198,163
176,adzZTY-VGkmiJ08UgEyIRpiQJTbv1vVHCAMDsMDojvtHqp8,ZyIO4jLyW8ogAbLceDp-bfLPl5kN4wFaICGc2LBOGECg_GY,Gen G 정재,4022.0,pBeJQiDZBQ73rEJq9LFsUF98MKwP8lW4GPEWiX1HQda0T0w5qLR-ufyksf5zuf0h7q2QNBdIAaqy5Q,1585266485000.0,,,347.0,662,I,394,357
177,WOOzF1T8SGRPmG0r5yRmaBPhn5J2vF_gMb8flyOYesh9wx8,ahKsdRVpkRuKhMWI1El0LX8vRu5lzDX-HsHS9Q70y1HBUdU,No Option,4270.0,2ql32XpOSxsZPEc3itUT6XcgnufUa2sZhti0M_RaJnmOJHa1b4MTnb_4u_eCQInnxR4aDG24geIUAw,1585091440000.0,,,362.0,658,I,96,65
178,RRUTW8uleAONk58KKH4y1iCwja7GLLt5lUB2tQWsdbke8EJGsm14dGDt,xGctrJ9b7KFQGGlrJ-80CJykvekBdeEK_rQrNnRqi6rSZos,UijU,4398.0,zvxjs3THlRXdXDHGLPuiaJyVYwBWl_XaeGKMxYBA1tHGkRrWiJSt_rtIyP6eL3K4pUQEIX0QM2YFkA,1584586310000.0,,,197.0,658,I,181,151
179,isIpwxduRkwiY6vpiGucHABbkEhpuunudna5rkB6Fa9e,5u8-1q5WAbP6utMnljKgRxMyu4sTDH0j80gcM2tSmMtHB7c,불감주의,4057.0,OWvYzqF9pWT4tbTG4CYrRD3-n83Woo2XWNauNMxH9PdHzkaFUziNv127h8cco5jKtNrCzYSyl6rUHQ,1584657697000.0,,,83.0,658,I,77,37
180,ugGCuuODY_moX34c2eQq32zjrxaFwrhY0CcazfYyKdmtrqM5vZmW1_s7,WykfhAh-m3igILrp_v__fuyG_TDFgT_u2o6oPJZ-FO4-sfI,12312312312asdf,0.0,xPEKhPkrl1htoG5nk0vcbM5UJrMhW1cwwRD_plBIdAN3QxOFTXgJQRKc_032Ok2gaMGRTLSNXeef_w,1585188210000.0,,,65.0,656,I,296,246
181,1Le7zzPUzWWBY_bVn5fZAm2OnbDjJu1OVOxWubCTvHAc_YZNH395_tGJ,BiyTqrvpPCeStNzH2z4DFzNzizauouV1BgJTH-e-nrGL_5w,Sup du bi,4492.0,1Vs6eeBjYQbPepHfSsaZug3fkVaPpP1uzCdtosTLr6NcVB2PWCr07LKImwt-S9bK-3SwNnQhcjwrag,1582893332000.0,,,61.0,655,I,254,206
182,6EvyHHN-wkWMYS_DR7fCOegtAMr0mp9AL2w1D6122JM5gj1nuAsidtzc,WUb4HuHdSohdPS1aEZyQrk1voBhBZrAhhJOryS4bEYc6bRs,화내 지 마1,4492.0,085qMt9k1OWZLmu1RtBAyInpPA6AB3KpKuRdcEZEG_gR9765qrgUkheFDP2KdcyDWS-WTrJ8TRPVvA,1584616151000.0,,,63.0,654,I,256,215
183,1aWloUFds_yQHRSpakpeQG1Xf7F0D-TPhP-po0fUcQdPgSg,DfiOz8qMkCK65Nj5sneAd1GSDM7y71_Dg9kD15WV_avjarE,여창동입니다,4491.0,W-mp3ZXTkDIaqo-SNPR72BiVleRpjU70FAjPlVDnbP7VgqNEHX57G7Cuocrr8V7UxzFxFv9mTjaTRQ,1585185815000.0,,,54.0,652,I,148,106
184,ftBe1bM1wLeyRz8UDRo1_Yx8f9HJ6kyp4sW4UKwSY9im,e9bCWw6_R-Q4o0fJri2-VqJdb7zyxCrEyoReam0VJ2a1tQ,JongSeop Eun,3180.0,w0cGB3crXR7jM-y2iu2fifQLzWwC6jPn_MItC0GH2ZS3yNHXqvFOeODPjvXjEqN7hHiWiNNh4NIpCg,1585202320000.0,,,234.0,649,I,175,144
185,NwrtREy4Z4buqU45td0v8MsVyLhGMmd-56YAc716ODHuJmdM-CHqQ9sC,heQg3kzA4JPIJN_S_7xO0JLOMfclPNxYF6oHXPZR-jpiClo,SANDBOX Howling,6.0,o4veE78GD5PuiKLWGmp7mj4pnBujW64LVs-Z51PbQZ0IAmJn9g5J48mjhh93Wn7K9o9YDQzm8o68JQ,1585204217000.0,,,132.0,649,I,123,89
186,gcz1p3Xq5dLJxBcD7dOMTZiFJ7cLmQUi7j1rZtDp9bbl_PUrHSpBOPpq,qR0krptNNM-X7-VBTBnbFO-SU-cvkUJ_cIejVg1RfAzn47U,want home1,10.0,FEoy9KfDPddSYnsEhstHQGyDS6ytfGfsG1rAYrAEGUO_qq7YK0jbyudUQNwdZb6fHIJ7X4hni7I_mQ,1584157534000.0,,,253.0,648,I,202,174
187,VvpUdwYV_7lxYTQej4K_jDzWDVarvCpQk6g8bBwn5Ds1_fccoYEGgAO0,OBd3kMLn9F6iXQUNNCtyqlOYi44TmYylmwz2C4gY8fMZOBE,gtqeti574,29.0,pBMWfKAPUxflrOr3t658Qa9rGYkS7Bi5k7c6Lwy6C3hC5aVEusND3kcyQYPThQ6ejfo9xDiyw6GdZA,1585202248000.0,,,47.0,647,I,129,105
188,Zsg6yDtfKd7xQ5ABj6aTIygxBSI31soDvyqA6U9xzak9QsVbJJCarpii,9TyLjiK3CnbWlBZ9oisLqcPLRODWK0UL0DKLrkp31qM55TE,WE 77,3795.0,HWU0VKRxKqg32683jdLMhd5aH_U95QLiPmhLH6hNLQ19DkDSKhkQfQ8b1cTbWf-dOKZ39u2jr6ixOQ,1585299227000.0,,,116.0,647,I,140,118
189,RMeBn8HoNfEkrK6ErKmZjbXnc57G7XAnlFGFrJaUONKvbzo,dQ6QFfCn12_VnMf8uu5unxnsEm-RxY70VFMYUJZ4xNylVEo,광란의 허리돌림,1108.0,z6rO0qpIebpDeJh77qwr-FsLo1aSDa8Gydv7WWGO0gpspyJLpR-0eQd4jcJ0SgANdOgJCGCnHXwIEw,1585025371000.0,,,87.0,645,I,76,32
190,MVQuxpBw0QhKs41hlaGp2naAOJDjVCbMut8pV8wryl-LhDlA_MPdLTtl,IRybpTavMVCazcbWmb3r_y5CsRtXxi6VH38hiynDMc0340c,에스카노르 킹,7.0,o9YPH0noJZ1csH_vpPMnr02ZODwXsIGlDOPKq7Bdx3Ce5Ny1jRlJQ6-BGsnmouYtunUQEZfDZjrcBA,1585130562000.0,,,119.0,645,I,170,144
191,f-4mrNauX4KJrXfiFIRkqUvOYY3MWv20lm3J5P02m_hE8WQ,_IBfX28mmBEeY6dRYYCoj-wz193InoNkLmjGmUX_NYvSTz4,1145,4284.0,7i6CW672eJK_V7Q3yaopgYXLZCfQo0g1rv9GAgNlUnGpD6y1CA5yeKeS3MnTYRiw2IIOBaNCHFXm_A,1585310438000.0,,,139.0,644,I,63,74
192,0yCm8fYo6IGCf-fhQH8xuJX9KSIItVnaqfmaW_Y-YONDSyg,o_od4BCAUx9SMCp1hakylwhSCtvBPAERVjSlfT0k02m_AN0,Cai Qi,6.0,ghIliIddzkupAqRwWjooKbEMEK7zBZJ5iR7L-Axq6iE4PJl0yP1OdJYRQcQ4cJopzeRXIi2zusYJWQ,1585088798000.0,,,172.0,644,I,136,111
193,xtwqWaDuQs_KCEp7OGwF2aTTDU1S2otAgUi7pk8P-Lya,0N9PvpbNeS65XqdEcc6z9Q6aDBgCPlP5_nvl5QvtKZvTRA,불다이아,782.0,7CpDC3vqTrvZTOIliMJ57ZRYHGHxIFljc0XMHBb6vVA3YMqCLs9ki5FPUrYVXkNsH4Q-dNXW6NkEPA,1585124583000.0,,,191.0,642,I,51,53
194,ucynpZPsMLZoFTnupjtwOtUbDwGer35bnQhAQ_aofQO872s,wLsv7vEXPzZD7wyAE2TGVq2uxv2C_8Prc_JlSGr3MffCBz8,엘리팬티 미스틱,2076.0,x9xZQ_qWHMlrKEyqqlsRgkuoEvMSNflDuBxUQAUgCMxc2td7Nva8SRbKumkbx_SwMpaJknS9tlUNvA,1584952767000.0,,,129.0,640,I,86,88
195,lmubik6FZOzVWaeODq9pBnYoFWURwNd2vdSZPkIvxfZjNXmuUrliP0ed,oiaVSTPu_f7vMIV82mPiSmxmVyD1eWfspHOZTFFZjtCcOnY,SANDBOX Ice,4242.0,tDp8Ll5VDcGt6mauxO_Ddg_58C7jvmBcPEUn_fhX6lBDuaw8She5Ow2BSCBe6NLGZ4K2lfh_l9xJFQ,1585180869000.0,,,208.0,640,I,250,233
196,27Qscid5KTjkwTsUsy_fogEzpNZh15uKfp6FaiKu-D3RHqs,EhCA_rBXjk_KpO0i6KuleppgQ08i4MTNMhRmGMnh9Pztt5g,삐삐계약,23.0,Wzq2NnmMJbc7vHsW2RcVHahV6z57pE269WFVQKDuclDRArzy0H8kpMrv5TtI-aBYuDcmJrCTcCT_BA,1585126143000.0,,,198.0,639,I,221,203
197,Js_fike-m6oP3FZbi3MrAjn-uqKjLpTIRAVmrt2Y0GnZAZZvYEbyC20-,Tz445O8K0NS7m6JazttfraiUHScsOaNx2u235Vyss_JYWbU,blwy1,7.0,djw6DanKsE9ZiqgeVFbc9Z2HcO2hV4aN6FNeB7tmo_f-2j1wBBJhvV3JTGd9F6wa2YapWZM3Bgzrpg,1584916852000.0,,,73.0,639,I,145,110
198,vy6M6L5hxysIYmAS5-II0TLn5YkzB4y_xTuoLn_swWYkLLpQqI4TStNv,Y2MafjTuenDn5yb-rWHTWMFX5oI0Q4swg_ymHFevsnb98_k,ikusikus,4515.0,gzJYpv-1C2cxk81-QegOAFuOu1-rIOS8JU_7AmcnxS-53mnGWsVzVkizQcBHXLYpB6XSF7foMsAIbA,1585268706000.0,,,65.0,638,I,217,183
199,WznjF0qqLPi_Q2ZxHljb8xNtTwh2Nx-YBVle4_kcli1Fn-vjzMOm9Uvv,566RSklVG_iEWWba3YgKwrRwFdRTR2miJQfyyUrte_q5WYw,정점파이크유튜브,4230.0,9N8IzrgGrQsav0PgD5mTNdGAr3EX7mm_zMgoAOS1VdjdJEZqIEYuSTB4-uf2wltoydbuGCgM_KwsgA,1585016878000.0,,,106.0,638,I,208,171
200,Om6JA7phkV_x6uZhQphY6xeagQlmy-5d3dgoEQ5XBwplefg,lIh22jYMz2wkYR7qFUBxk6lB7J8CJHxvGn59z-nGYJkXjh8,잘모르겠어용,4492.0,rIKoDVWFA0yUHVwRAwAAyFx1F9hF2s-wSPTl0UVucXuF2rwA99P-B3MixqHgbuV_jL0J_u5enBvKTQ,1584533679000.0,,,57.0,634,I,166,96
201,q3c315Xz03fAkRZ5L2XCH8OvXeZDgOiYYcbYhEOW5PfUJbJ1FuVuh27E,zeecELUbtVdHcc1-mQw9SqYZ9Y-k8iO8huokZe1Q1pEjLjU,하하나야,3378.0,WME_hRls-SK06r10lUvYAEVcrXJqok2aGTe5frSDBs45phxhvlX9TjbPWTzJew8l8smlnZsL5dcIYg,1584232569000.0,,,49.0,631,I,151,118
202,sy4m2BAZNV4zOnlUwsjVtBsDfbGftd5NHEXYUDDibFfK5Yw,rc7XVIXFkSCkgJRkEiG2A5ugX04DeVfTGrYt6xUc12faYrc,Howling Bigshow,20.0,eWIeA31Lr_YnmEdtdTG-Qf9dkltegfJgnvXURTPllS3RnAF3FkpQI3cepEWWoOLTxNcHpUkx530ltA,1585103503000.0,,,316.0,630,I,287,262
203,lMdqIXJOlsclUBJouKkeNVzwxqv_YYO9qm-F2VC_aS02fbXPG9AKQAn6,MXbmtCu7iF6YC6qG3XNVbu7yVOu9-oFKnhJtfWmp9GCiOJk,재미없다고오,6.0,jt7KY7xVfC7X1kqKS5XpetjPiCb0EvyRa3CfCzgMXGcB19o16aFjlO1uv01zrngCbe9jD1MsBsvvLw,1585217954000.0,,,112.0,627,I,174,149
204,9nFIYXSiwY19z5DMFpJAqRIPpTJTJAuiuFjQ1jFlZtwfg_Q,8VvOguJ7iSNCQoTK2UnHAlOXeEebFNn86rTFnKZpX-QQrHk,madkoed,6.0,Ft6L9pdbMeHNe8dPLt8Sq8slujXFEFCjZr-n4Raq4hfQVSrsH4-lJMrY0PHH21W-2EsoYTwTLWwiSg,1583496478000.0,,,212.0,625,I,311,282
205,kkQo8VHirTXjDzm8_jlyHo8XmoKIP09kCxwqjqBrd47IBeZMbV4u8zU6,a481re8TLlS918pgDomyWnFNuGdT4Zpr6eO0_zWpqriUG70,날이 샐 무렵,4022.0,ozxaPWajLNlK6up7nIoSj3-xY8Ja8xjPv38zThkvqgGjxiRi7DozzywErohf5ZLERRIY78bDzMrYZw,1585217383000.0,,,177.0,624,I,169,140
206,_Z2V4hvTwrA2Hx1dA2LLqNxDzqRQoX0ouBaJJ2HlZKW4oi0KXRJLlvdj,DxqOGIE4e2rYs7d1b9d6jluKaiSjk93cVm0SjSoqceHqgNQ,setaeng,935.0,6bMCDrWpPOrF8_NNXlCmQYX4JRcW9HDpu5whh0TILO--nmqDekb9dxgg9HB7odtu6xjy5FROFBcvjA,1585287591000.0,,,63.0,622,I,212,125
207,acG94D8oFPRPtOdm1hPKMQpu455ldt2sj_0-r_glhemcIS8,h5i9Gcn-vIQ4DtY4SDNouFGZZpNNX_voDpRKQxjlNA2hapE,M1nit,3150.0,gO3E1LnTYuL_qwBWwunOsZs3fCNUp2QRljtojHjIfX6bJ02MOQgvxv247qrFMbmMb1OUwLO8nEQt8A,1584776792000.0,,,202.0,621,I,144,114
208,I16-xdN2CcjhXugQOgHdAd-yN2jiqvjOgKiFszAi6CQv25earrnnH0rW,ydf6YZvydBS4hzd1ZWUG-P44EbW22SBcY8t287jPAaLnRZ4,win very hard,4025.0,SC4RrO82-19r3fJebMvkeE4z4khB-l6tdXRyjx_ufKNZ_2hljXyhpfl-IB0GaDvg5LHDLgIVctr5lg,1584262493000.0,,,74.0,621,I,318,297
209,aazS4qB_vuZbL70g-vsh9kSFv1KxZvfuc0Z3BVIxOFse,CbKlJQ47yiAwglKijfEvNNq-10vptpKPc5HOX9M7TcdTZw,못먹겟어삼각김밥,4414.0,7gaYyEmKYKj5UnLNyKdz6zI0nwPBkTq77DyJs-9B8If1GsmWnyn5bZdmDyiR9v3vQsKGO1lvPiqplg,1585137317000.0,,,268.0,619,I,108,83
210,r4EUDnyT2R0hhzlR5eZvptLyJlwF3X10CJ6rNcOmT0P0Po8zO2CAYEIF,bVduAKaGFHiQaUrHMzjtT-PWDlQdTlpTyoKGBZKfL7Os03w,daomeidan,20.0,4rwG06usuK6WlOeTsvS4naI8-r1ETmJCMOx9ZrRyceMSZ4d_5PAdkV2VAuooHBfZzcyyyTcbNZBYSA,1585171085000.0,,,120.0,617,I,150,125
211,EOkREqWfNy_yI9zMTWV0NsXo5LGz5SPq3ovPAqbKS6Ze26DR5A8zoG3L,072aPRZDWXftjWEHHrDfklnCnvhvCM8IYrzDMSFtEuftAwI,Land of Glory,21.0,y3K40WnHc6GPNQD4czoqJEk7XOSaAV2AbfDFfGuOP0ylJBNNjHew_OA5YGpdUACpSlZFwWYBT23_Tg,1585031640000.0,,,83.0,617,I,278,262
212,-ehEJJ5SjSbvJjAzxEEDrh22CezL7g5rr4DP7uxUjzVwaIQ,RU7QQINcsZj8weO-oUiSIDxJa-Tz6VCkkr0hRRbbUyRBFG8,좀비맨,23.0,S6et_ZJYQT5GWuXieF6ETcxGMP--3j2qNX_UGuaid2SJlyUuphLkZ4n1Uj0FOfQZarK3f-ab9ujzcg,1585138002000.0,,,155.0,616,I,77,45
213,ME2yVA_ypuCK2_rmDe8231GqFzARD2i144AYK1uGodIE-NbesfdNAsOZ,aEOk3kCJdSCj21gznc0hzJ_1aXEBFHMUmMJOvX3o9f6f_CA,ZED99,7.0,omNw_Xkq2CYG36rJjeHuW3h7Mjc8m75EhZRiDS3ZLGql-Rh0I3Y91Ov5-lri_-x06wCKrOWJXEWGsA,1585202327000.0,,,56.0,616,I,171,85
214,cs0DQNrwwElENvxz6mf4NixJoaE8_5kVSrHMf0JSR0FpVPruwd8eCNa4,qbaoDA8hu0tyKwzW1NaAJ-prpp14vNB3-G4vqqtVVo0iICY,AF Na Kyung,4491.0,FtZ2VEi-PRJRZWo4q3r463oJhIptZzUv0QVtEblYznpoBH9_GJvPNT3lG1dU2UYDcs1oUgip-zbBCg,1585108379000.0,,,223.0,614,I,280,247
215,IzROGM7q62vnExYSARZh56Hw-nZdXIoYHYqVCXASV1OOY20,GyukzFOV120bVIoivlE0N4-p7H1_B8x_HvPhirZgm0xFxV0,BJ서준석사생팬,1102.0,s1SY7sI8sjrY-wJN__PuFQ9ENcUXs2a6KKmItvK-JKkwM3h2UrvzuITXGdQ_px9LYZZgoREN_f1Kpw,1585211510000.0,,,241.0,613,I,156,135
216,1s_dvK9-V71C-dvxTaq2qfsvac9IHGvjhCQSogu7gZdY24o,oNELuP1iNGPOn9pnwXXfcsCdlDoUfXGW-HZliqPz7CWGllY,huya  cry mao,4427.0,aAaRCmuWzAUgLGj-RFN6zskFLwB44nQ5XMyV0FSeZAiq7-BDkSeDANDSon4iqwoi8GflChnYrviLew,1585236649000.0,,,226.0,609,I,191,165
217,6kItvvagJ3trx5RLsvNOp9wFbNmJi6_7HPP1bM-ipcrpRZ4,4sHLGZlyjilby44sQA18VP_ZK0ncenjo69cL6aE8hOpcR_U,해강고 원딜,4160.0,2U9yvvYnw2zTQRHcfx6JV2EvY5goDKM7OFTUD_bRPDRRtdbFe3DdpB1S7n09ldZHLZDIbhbQa4NoLA,1585247155000.0,,,254.0,608,I,193,204
218,VnaZk6A3oQVALGvThnPJcdi6QSIy_ZR3O507kIy_JhGo,IXk2Brv-wxiwwv7dZdI-X7090Y7jCYCoDtGbXWRIkWBy_Q,APK Flawless,4412.0,k4xc7PAX0wgJ_L7tadn9APfbd7Zj3nnJSYImcWEhGDCDpzC6gcgKFsIhhuO2kMjPl-soxB_eECaVlA,1584866974000.0,,,413.0,607,I,172,142
219,KNmREBogecbDn1f-0rIP_QjQXB0evxeua6Aj-d1zyAT5-g6PhvWy7bDu,teXAKC_XJelr3rAIWQZJ5_fxna8W9fq0Qp3oG3rTaD8jDXw,fabaju,29.0,LUJeWXW_dtSgZfGjNkNrgj67_uSK6kJPVf-kEuJUf6K5Noyo4KLqeUN9H1jvcE9xzLE8ilEMvHOT0w,1585298312000.0,,,61.0,606,I,249,216
220,xUxbEiq9919p2ppu7sfkODhachVHtzSiXbeQtEgITOFYBIB4AnHZPtTc,IlorfXV8p2xLNqj_wP5J_gh8038WqgY9k9rftiVo80KYeyg,xzxtbh,935.0,lcOxCb2j6MIBqusyo8ci9JBuh1KpaQe0mWnQKj3_V4-VHF5LWfGGpwSNSxEikP7xY4qRhYgBDmVsuw,1585042845000.0,,,86.0,603,I,394,356
221,kfDcKwLIiyz1CokSDC-ayDECCvGe4I9BeN1NTtHWBepQm2pn3njEW0LF,rw_FOm6DQ_CuN9uTl12tuxjl_tJR3ZBzn0BXZsS2apAxwms,과감하게 주다,4491.0,2nYmxAlh_HHdKFz15pDWLx8axyhiwyUgRzUMBRVYRttvJP74n55UpcwNVJoU7RHw1Sb6ZmDjGqQjCA,1585213251000.0,,,197.0,603,I,154,122
222,vfics9fpJAPBnqrmQHMbJI6YQM4BfkYl_nmiMA0AuDCqd6Diy_mv0Qcw,4x20pxbsyiWpVXQPNqJmyPkzK3RsjIciiIeIAKHGs38YYlw,혜쉬님의 댕댕이,4027.0,N7JkTheu9oV5vnhz34TnnKcWtv1IFhZsqMxneTBHdyqPEUnA7LVC1qKWzYBfJxp1pT-up6BuwRK2Gg,1585125418000.0,,,140.0,602,I,262,230
223,tJf_zxEYO8ugzv0O5v2BmQloBx60ZOX7l9TB1Fk0Dpe7N6ogeJPuKplR,lCAPMvVutF4Hd06uKbWZqX_YlpIjH5rKYQhP7SV90rwFLZQ,last year01,4498.0,qaVNGAe9l2JQCwZxe6eYKZdRFiJWnbb3QYIe360dLGsGCcyPID6KWkRGZ7osVu1CY2ZNgr0kg1ugrw,1585258736000.0,,,241.0,602,I,350,327
224,IyhuHEhLcpSknx13J584FpMSo073TgejzE1hhFnp4PxbPYd8pNii7FYv,FGRjLXvGmCL-BroVU23Bdhfha3GF4nnTion4TBsaCHXqgjE,아이타이,3614.0,DO87o3s22vNjs2PyIgSiC6xxPJf68G1zm1S7JRUAuJmwYkKxV6fRj-mKZULTuVaaW22RJmBYEEaoiw,1585096236000.0,,,125.0,600,I,144,111
225,8WzlWAkbt3uOOrmN6jXBgcBPlm5dDD3ivqB13drXop2_zVjlHaE4cLMu,3LJqmTCRq9wvBTrBfT0TrBPrq-LwY29XEOsMlos1qudTxq0,기상캐스터려창동,2074.0,SB4ku5AbxtgrYWSQyQGG8KvCbXxu4AoBMguGhCHFd-yzNtbjNFlKL88QBZhQLefU14NOu9v2WhlTgQ,1585021054000.0,,,42.0,600,I,88,64
226,_roMPWKt5K-S153Jpo5KaHgZ_NGN7eMpRd5jjAyXkfRI63U,46jVCfc5wxQrctxwMVbDxS1lv_tEaj0hNtmFs0XJUiBKta0,ggarden,4492.0,uTKTa-oBZ7hsBYR--Tlc_aO3oFvlDuOJUMZp0OshBQ8Z7a6kflQqOkMhZms3LP5QRmj2rWEiY8sJ8A,1585176847000.0,,,185.0,598,I,94,86
227,StKZrVX6LGcNnWRR-ruFKXk-QDr6DKoWne9MsmYhPysXp5h8DuoH4glC,8ZNeWn5xFQL5Kj5TwUcuLlJBqLlrkyp56S2_w_6CVT5wVyw,핑크와드 많이,1296.0,VXL8Sq3ARk1_kecJ2-rImI7NRwVRM-N-o3pJItpLwQI-kAeEKOafsLGEyvElbQ8Y6WKsZ2_QxZeiCA,1585210934000.0,,,171.0,598,I,201,159
228,rHuaezI9UoIxdRZyP58FqRzBIAZJG-GdqUe1RpX09UgeB2o,idqzhZeSqVgxYT_pEzfO-63j3e8ue_ijxjA2YRDu6K_gkn4,둥근해가떡섭니다,780.0,JxHH58Bc5IbuZjfoZLEJn9Gk1Q2h5EqfSVnWnwKQ38OJ9s0Kly2T6eE8kfClecakN8jeh7f9LTwm5w,1585187977000.0,,,293.0,598,I,103,87
229,R4nPuarwTD2WhPNjJaF4tujG94cxWtHPASxF0Z2K7wAmSpDkAKW_gaEC,oCfd8IrBAAPYGlKDnk53jI9-UdrQyVfXxHUkDaPW5i3oqvA,천불생무록지인임,4415.0,t_FP9AsEOQ-IlYVjfFcqeS_LQ381SB672IBoMw5rinUOfWkK2Mi2or7b8i0nUV27OUVM7jNEThmGFg,1585188511000.0,,,282.0,597,I,280,263
230,x3KWc2NZbpiGKOUS6UMc2a79bUFTH0qGhblmBrKV64ekCqs,VTGHpH7ugSm7xM3A8onP53komEcnRxwvKZ-ZVQh7VoDJG1E,이도류,9.0,QZs7qwZLQqMdrLfmD1kpoNt_oKL335WqhUb74RxK77ZCgTU5taEll0LLnaiPViRSajyzR655W6Cdyg,1584170956000.0,,,343.0,597,I,217,195
231,pUQi7f0rf4wiqkgY93b8A1Ge8iehQCHPvUpI7XPawWcT,cqRfgCtROp_H84JXKauDXtBuKp_M3--scwzNKH7n3AwVGA,그래또,1381.0,bsqxy3on184COrbE_Lt3hY-rf9gfDdUyUwZnOhxGsx2seZkfeEhy90tAInzZ-shlpaYQ-bk_qvqsEg,1585118495000.0,,,233.0,597,I,44,36
232,EaFPWJwDnA6gVdW2buK-pnnUZMig3aHkwK2tRkdOYq3koF0zv0x5vQoU,zwS3WlSAUbLlBFvqARxEqJiYfywUuota1uz9HGJOcLm5FOA,zyzyzyzyzy,4296.0,wUNzKWB3S53KSD28dGVxnvB50F8AVk4PzkcnjELzaJaLNI0Wo1kWLHVtoNkn9w3BixjBYRD0POenfg,1585052256000.0,,,56.0,595,I,218,181
233,JXaIf8LpZdBcgz8ij4H22JRpuTlmAM84a1c2CLZ45onMBHc,cq25QPEg3bJrNOC5x0h2ZBPOn8CEvNtzxWX2F7C6m0X48KA,SRB Bini,3795.0,AtB1NYmQkrOYNy-GpF_dKu2eJ0MxcYs7efANL9boGkJzbUU6QkK8lSmoB08iHKY8ohZrFv5dxgr75g,1585213627000.0,,,199.0,595,I,138,110
234,YZT7AMTHeistiKby9Uah8yep9oEun8ZWC8bLNt2pqI8mmPknvUzZ73Mj,O6KUmAuX5TrCKD0hJpjvEMCqI9QrlhiY1_eqGWXmiq0125Q,1v5 LOOK ME,7.0,LeL4-F02ZUMNO26RZvgblkA_9PK8BMSzZlSl__J8-hRVY6dYfKTvkhNvaauiR9tWvrVXabY4ddwLgw,1585187897000.0,,,49.0,595,I,161,124
235,KKESJrWpVetGeTLdbh1sLezWgoWJI4c3ZKzdNF8CpdzXDMBVu0UkgNH9,nrKGFpz8_Ii-HN_1a0ccT2ZQqI8y1dGVYZZCNw_aRGLUr8w,YmQ6367653,3550.0,ts8c8ClaXP_gmC95BxiDEHG-grqVfmVzyEObVlqFUhpCbskyaNCGahac51166rd_NCxWN-nm8rULAA,1584818251000.0,,,93.0,594,I,277,231
236,NLTPRvscMjCo4h4KQ9S6qj-e-X9XKCBrzEhg6Q6Cv0QhUZC7nAO458KF,eGXm3HywaNwlngYlzJ6gyJjNnUnXojNTjvA0FmcO_xdvTHk,yqyxasadf,3838.0,j0Zo7j35SBQpabFSGYhfUh7ca6SR3jtAAVq7gUNuUtwNXBQfeaweuv7F0-MERh1TzJvLaJ39wPyZ1Q,1585048786000.0,,,58.0,593,I,200,165
237,27SbNN-Yg5dO6H-hmzuonRjVSilf3B17HzIlrN0kAe2taNM,sm7L4_g8TRlwI2IhqlweJYx5MSjHJBrYv4a__A_t-DGBDrs,TOSXD,4379.0,seXgLSmq1JePtiUSFefuI5T--MisVXaug3zHY9InEaeDZwbJsTtEJtHkB3JsJSF7KpG88UVu_75eaw,1585339141000.0,,,257.0,593,I,192,151
238,-DQ3kdkl1NgTNc-7FBqIJEJqH2ApXAU4L-wjIi2LEtkkE20,tN0krNlqSjRfhg9OYylEejiqTjwmJrpWtHhrGWMVpPmIA3Q,SANDBOX Route,6.0,abnUGXp47-9-IhIJ1wTM6y3QXNm2QC_rI-wGmjNIbm0dq-iXViTjXSbR8PkYM9hoccZGbBMl5VB8jg,1585017536000.0,,,277.0,592,I,210,193
239,OE8IzKyLlB3ojwlb5heSGGkEjLNNMK1hCyb0VuyWfRhziXQ,fL8C8_VUAW3ot-6nUzpbiF6k2edqf7AIrtnbFUh6IO8PvlE,땅콩 한주먹,3465.0,Z5GoOvl30G8J_eq037xfTX2d-eR8oYihosFnlhLyQop_T8NTPhSftaeUdtMx04UktKVg0Y3l0JFn_w,1584878077000.0,,,282.0,591,I,334,310
240,Y1atgqjOEIt3LCB7YLTmUG7ZKpR5SRYHF72nU6gGxj-8Z9YV-sFKXlCs,huRNjdn6EaMQvHOcwuyqbtoRLcd_ljzjDs5EuJT2dm_WChQ,장래희망우솝,4495.0,G6r5NElngDbgrXrvM9W1elRh87qYNjkD5n07X1QKsdCs1h-SyyKMib0B0wdf02tt-p2ddKKcZ4JolA,1584765873000.0,,,47.0,590,I,137,106
241,QN2j6LgZGk1MLOolJqWtX0riEqEOuBo1iFl-2AiWRXGIPQmvkh1xfj1U,XQECPJ1MrLj-V5YEgoSp2-h9YPuqHwycu0q3NUFXodesc9c,YeGod,745.0,ypBVI0-LeeG05nVDTmbWxy4rfq2i_4gpJFnaDTsUD6hs4doL76TrNVTvvdnvDwFbyY7MTLixbbVQSg,1585204922000.0,,,194.0,588,I,190,155
242,MtELtxj8KW55-2MmL4LOjLJfkbYBz_Z86OU3wEPeF2o4,UQdD2kkOZA7V6-MQV6CvKyTs1rM72VEnx93SQoZNFEnc9Q,Afreeca Spirit,502.0,wc-Eqva-4zG7lD_NxtvlJON4o8I5Woj9Pv3spBcDD5c6s1Aqo1eh_bRTEo9ziDBro2AvyNqE0w8gvQ,1585116844000.0,,,338.0,587,I,152,131
243,3dcZFdwelyp2f6dw4BrkEXHDc6lJJPE1bpyJ3LMVmpBxNPY,_yeINVVWmcaK_f3VYyHbFNnEKJceyCV1JmCrNjUnftq7uW8,엔도르시 자하드,4492.0,Sc_PUkZ1fNFtrDTHvw2CUM08bARWcp36EYAGxq7o4O4zwgd-iA2AgWS1RhwSwHwkAaXJgRhKzb4wfQ,1584671062000.0,,,239.0,587,I,82,66
244,fv5PckyfHJVjqb0KGeQ20UsrcdTf54Oh41Qguao4n5Y5gE0,607hq9pYfIntxIOs-LJW1EbCYQK-MeAd057wTTUFX4_iTKc,See u AG,1603.0,lvIGHqpRl0VxfyJwWjowyueYpSG0Hmr2lPZAo1g4FG2DF-2eBLGrC1_-oCeskVbDAMnSZuKoPaFZ9Q,1585132612000.0,,,186.0,587,I,96,72
245,YVcC0QpIVzlBIYCgn-EME3unRB5ZCWSdxnKe54FhVLhhOSeAbIOC-P47,gH1kooP_9zelnv0_rDO8oXlnccPNb1NY-EvZpA4H6cZ644A,도넛을좋아해요,1455.0,SbZRSE-XcWrnH5x4Fuk0c2cNtgdt_GwOgELdHMajB2BmpgjreSxMwABF3MT4AcrwDjqPsou8y27Mew,1585298268000.0,,,47.0,586,I,152,115
246,cQqzcvoGIgt_COcchl6FmvwSL97ljD7Ov55QceeL-78S,l7IjLp9YHBV3x7tI0x3cbvCZUfDCeI5c2_0TZycc5u5nWQ,울부짖는뽀삐,4448.0,LueWILo7i99pLDA1qiAanKbJuv1zyv6YZgRMiFLzqJABDS4daYOHre7NbTCb3uMDrbPBHeLgZusrzw,1585007904000.0,,,165.0,585,I,205,177
247,EbESmL1yq25XYI-2kp6PwXXrsl465NbE9Gxc8Jjc2FhsQ10,iiMqmrG9zyhR8LDHcNJ_iT9I_SlZzU4rA5OIntQQRlWFlrc,AF MapSSi,3552.0,R1rPDC_dZ-sn8UuPTZNpUENNsSxisAEUhUmGS9BOlKkxO_SNdCKgvsWyy-0zQ727MlrYmBllDdRA8A,1585192756000.0,,,266.0,584,I,235,208
248,AutFBCGKI31vO-9swOEaT_8v5-ER33etGWYw3n2lOoIXbf4,Del5M-ok8Hw_haFf5lbGwFT6Xxgs3adlBZn_3_Gjeohselc,튀자튀자아,20.0,zSEf_Lmc79qK-2YNQUo4xBMHtAvFYefDECwvFsVvldlOz1T4RDmVXldHhxokugi8uto2FdiVXFFItg,1584777062000.0,,,259.0,584,I,274,253
249,Mo8bSujVVH84rJZI4JM9V-pOlUN9XTL63neID0dctvwVojAdcknTYleX,JUTmv0awy2kdpvyOrnirtlNz7pUb9JsA8Io6YASnS4C7vTk,H2O Man,4492.0,gykO2E2sv-zUJS8DEO8QUBOq20312UTeRMGKgV7ee_sdbQFiclbapts2uRZwg21DFg_Hj1nTHT9rRg,1585221703000.0,,,53.0,584,I,181,155
250,J78gpGgiw8g7UwPAPyaMuO673dW9SxeQsRdBSRfbEq4KStlef2b7yXk4,9VZcxhSQ0jHBfOmiCmiuITFK7ibn2rY1ntumHst2CN1kTUg,HLE Mulkeong,3868.0,T-vPgVN9ZNMfWoolGW1f-xZ4G3iTe1CQ1SmvgowMJ30kF5gHrenueXo-dy2V9SxW3X4KlJQKUB3AYA,1585177197000.0,,,228.0,583,I,240,223
251,qdZOH7tm4vQhizYWc1xcEXN0H_aVB1On1DPceliWVnEIPKE,MoTkbt4CIjdeUzv6_yQsF07q2_V9M0l5x79etdprJWIcw2s,소미라shadow,23.0,-KA6ReWGrZijS0_DlrzfqUGCHYEmxlSjDQ42ObEaLLhfoPF1MNahfQ1FmV1EaJFCZTAVnZByQLy8xg,1584957790000.0,,,120.0,583,I,172,142
252,LV25WQ6GWk0rkHT5U_yhrByASCCdRftSoOgOeIaGGHMGaJE,flLvp1QsKqyuMfQ6FKTD4izWqO0aOMTHstwR5e9-Ijo1p0g,사 용 수,1597.0,dTvdrhTOz1Dl9YQBBh4q-4VIAxUVY20cATefaZt6Myu46yKiY2wHBxf5swapcAIKK5IxP1xMBYSseQ,1585128191000.0,,,363.0,583,I,77,54
253,fGUoxrVfoerGnm3Lbq1nccQf2hSy4lbxqf2n2AfHn8fYi4Oq6Vq-mL0N,IMworu7m1t25XBFjSGygSIATkoZ0EO6YgHIHW2tzyiUDzC8,JcleFlaw,3150.0,B4SZO0xinfVJ3fpLdv7uFUuoWi73WQ1VYS07usiiJ8luq_MUC6m2aYnOinBtmJ3vsrZgQtB78uQXeA,1585033724000.0,,,77.0,582,I,125,95
254,lEponuS1w6dA1vcHiq-EL8tUaLt4lyRJr5ppfxrIQK-m1eE,puM8f-Y8t2ctMDMWHWLf5g7-2hpqfnFsUA7zlkOHOCGSUDY,남동현,502.0,JB_n8n76q70b5vgF1olThPIfgbtHpW8NUyk1NHJq9A2Ph2V_7K2CgBRoY1UOp3kPzg-2y_UA9qUDig,1585210972000.0,,,260.0,581,I,162,132
255,rGBjKdoa1eJV1Ohm_lIA2Jz9KK623jyA-3ccCSzxVAjxNVY,A5mJQLISvPCNyl9L17oAGYQWe4NVWEYCKQUzn0V-6IDzYiY,김무진,3795.0,CrALUZhVf6PiXNiC8eCD0m6b2VBhKf-FXPBNiGnTploYxQ5wXjLso0ivhuad3tvHDl4ha6k3gXAtoQ,1585058521000.0,,,307.0,581,I,270,249
256,kOIJ4w_Lm9XfrncjJgFDAZQ0ywuDUW-MAxA35eZEqU2iXpIhuu-IrWd5,Vm613XgC2azz8MHSDWybXHqkqKTKFeL80HmhXRbNJoDe9MI,hfdidi,4355.0,4vgUF5n08Bx1NHfTVaumNXssuIsg3r0jcMDSb4RqKFhNbrGKyZ3TVF8t_7mac-KLewfbiCIePyC2cw,1585037282000.0,,,143.0,580,I,234,216
257,Cw_WAnpbbq_4T6kJvy5qVPBpD0-v6yTzGu1kZBQL1gM6XjI,Ssc-aRg1Xjhc0I4BAEccOgsA_ob8fSQMTr0pBwTDWeBqS4k,코도코도,4491.0,K6bOq__nNc-o5zO9RbcZLT-ccojUpWYyMeMv9jfPmatDEY_O1X8Q6d9_rTtHz28FcGYnWAmRlrnT-A,1584707169000.0,,,286.0,579,I,242,222
258,zpdpHmvHki76wDo0Tkrhnd7sYyDWaTCD48UmFSvcqETlALU,UfgCNhLo-DeMHLL0FlJaWRvYY4VW_TXzGuSaJFDvZRODtF0,내가잘했네,9.0,v4IPWFs5c_DBtCjFi0Tp38LojDV8bHhd70lI24pCP6yMNSYw96TiVXH10SPY_p-hk-ZRKffMFdzRAQ,1585100100000.0,,,164.0,579,I,123,101
259,3NUvjioK3qCkmqeJFvD22cm1TIHdcc3N0QEuGI7l7fgKFCM,a7PC_i3B_syr0PXuMHu3ZC1l_J1CqQIYIigC6t4o4_g4lX4,나라카일,1421.0,Uox3B-C9b3SmIyRDwWdZBitziq7-aS_nyJH846irOtD-h6OWFfgDkZi6QOrS-zgG7_rOeqiCryph1w,1585021833000.0,,,261.0,579,I,303,271
260,37sLojjjR45MAV-7Ck4VBaBIUwGuUOVKUUPdHeD8VoTi,tgS0FPdoDq_UMRkJiHWxFXUhZ7FCfo3T8RRCkdeFz1iOQGU,yilei1,4379.0,o7FkcxrnQAawegyFZUwMnR5qsibkkGueiZSJBhjmz-RqQ20nLAmeggZFpNk2iXqg4ug-Qip3sxqIrg,1584943930000.0,,,197.0,578,I,123,94
261,YM_jOZoz8RkECJmTjofb-o9jroj9gZB7Dhu_ClPtWcbFdu8uQFx7aEny,rIkVjhwQwsTvo_vmURVXF7cQik35IrPtaWVf76QbfzWbwvk,나는 쓰쉬다,4492.0,AZiWZTxuyB-2pbx3nAQ7vBVkjZxb72PuzO2pFv30YAh7sBetDl653KDx8SLZ2kK1fhU-tLGuqC_6FA,1585024720000.0,,,79.0,578,I,108,93
262,QGRI_RgVtqi7MOph5ZAH2kVAI2VTW-0GeooiKKmt5q-I,dfyadGN0KVTLbUsubs53xqTb-v5v1dgYj1EFHJbsPS8ZYA,나쁜말하면차단,3870.0,CCo2M-UoGb_6MeM9-4ApMostgNCIc4gOlOn7g8QAABOhuwNf1PaBefO8OLU_VjGZVDm8-gaKnvB6Zg,1584649328000.0,,,165.0,578,I,245,231
263,BMzss47VOzDA0Yf2S_AcDj8AIPzfw7jKDQhMPRIk2lnLxm-WjJ9KvXgN,lzVA1aD9v9sUVa2cQNl6Q_zYHyBlSN2D3eTJ4eP8fk6_Dk4,아니 만나다,4213.0,FsnkeCje_5zcrsLwi3O2e9rbcblIdD1Ye9qC9KGYsT3_LGTXqK1MnMT2i-15zw_ryYmh6eNUmXjz2g,1585217704000.0,,,177.0,577,I,165,138
264,DUD5Nb8o7xwOK0V6OjzK6xB9tqNE9IO_EVrl-_TrYaGMiDk,oxKSzBFrzMrzP1knCOlbsbKh_fWSYt5LAn9sbaLTQgpx0Pc,엄순신의 거북선 ,2073.0,8zOJZBeUEyVQ05JbmaFakwxyFugyXAZch0GLMq81GzmlYhJXvvuoBQDVm9y0z3apHI0QKq8RQTNsrQ,1585279135000.0,,,224.0,577,I,170,147
265,9t1OJ7YelB-gB8EFBvX7cpENaliyL9NESb_DUjkKr-27xOT7cZtDU4cU,ud-UjaUbyQOBQcF4L3JFlfZqSoYfoHMT68HXvm5_hcDR7zM,MapleStory275LV,29.0,p9o75zf0RuZ2i29c6jlEV6WoDPYmp3eqoAK__2eZQN1xas9WrV0bsPUdqSTDmEbtVGdYikRk6L4vQg,1584697679000.0,,,58.0,577,I,223,197
266,EwDWQLFi5vsbnHb-10vhpqUHPV4RjEqHtbAZ1GUz2cmy,sKvK8-POl0UE4TunQmC390_y7hZmU54jEXYSsPYLqyQh4A,팍에리,7.0,QylLQ4nVzr2ePNA6Otmc25iq80Bz69kZ-NQSH-fWY0tDgAgnapiUTXT-Yvl5mScjrkcYzLL3hf4mSg,1585094344000.0,,,89.0,573,I,262,225
267,LmCV_n3xxhu3IgSIxhIjTaiYSHWc16HM1BUg0vKh8_Hy9EXIgH8D3loz,SV7YMgXLVwFka5FM1chlXI5ui3UaBf9GGF4dNNV355Ls8zw,정신나갈거같애,1113.0,Mum7_WkxXxUHlrKIEx-m2s3bM1w0AedtRUx8E6x5nIqYS1x1-yzRR2ayQlonVKuYYtrD8114tlUnFw,1585207339000.0,,,145.0,573,I,221,190
268,MANy1_-ASA6tHMpxx8BkxfWYko0gSF8kqQTgYlOZgixi,TNFIWZ0zK7kes-Nt-SYWm46FenUDy0dfPKJBnYqaxwyQ_rc,배려 양보 규칙,3008.0,T4ikcxj7I2S4cjhJAMBzb6mfJAFmxxEQs0R_kMdjQqT9mr37AMX6OtW9kF0zCGzxh8o13iPJN34LxQ,1585042545000.0,,,288.0,572,I,79,79
269,19oL4nmF39-KutXcv6MLnoMrLlhgpJTSrhdFb1iOr4s8Vvw742P8pT1K,Csr7jGfsJrR22jIM1xNsqqTiV-4xEWD7RkFX9uhuvRV13xI,SSW장형석,4026.0,Z1KSVY_I_CdIBEmXfYKWN2_t7XeOlmh9yUk7abMgokuRkYqV81gz4SJJCsgkhFlXJnk7K3IBeYucyw,1585016521000.0,,,59.0,571,I,223,189
270,-UxVo_E8wP7ctL4i6u8o6tUhJKQ9YV_XdnORB90EreFN_YA,7L5Oaayi_a_flJ0dX3-DXHG5Bl_bwAVEzdK5TlpkNTNyuUg,RW Teemo,3587.0,NbYau4rTtw5jFdb0AdspKlcZ9Nb5rBGbK5fO4NS3EuyDcbb3QkC8sOu6tKpWCKtecZbvRLMmE5hUUw,1585232587000.0,,,378.0,571,I,239,207
271,U_sKd-f4TVu630p5RDH0YHnmHsNxUnQX4m95EzJIZWe7pAg,s-_k1zrJR6po0LkbwcetRhYeIwVmag54i7cRMJwJwxgY4ac,T1 Wooje,683.0,fVTbTnDyM2-6ike6lsuc4jIUaFPhnMc_NiyOEQnsZMFSSR8Qm6zwBeLFOLavniBMqlqQJfloFCJg4g,1584659848000.0,,,209.0,571,I,248,244
272,k4DcE12z4dCJmMBqsK6pGtSRD7svouimVO-kB_hfE_W5Ii0,xHrzQLfCLLEtOnQZEGVUTDSlAXG3WNaNrYrzCEjohgL39Mg,SibasakiRoka,4451.0,zUII52RfVs4mwT2k3CSacsTdxErCuiEA6mbniG8sYNH-vg5bJyWaTrQIC9L3pN8NB6imjSyK4WBIww,1585105286000.0,,,482.0,571,I,77,72
273,25P28uU_Abh6NGXxLqjWXt1IncMLfcG5JqN26zFIS-HLQDU2WQqBNe2D,cYpVeecH5g_JLRJPZxxutO2NLaaBmzauQsOyQHFuBYHHjQU,더 노력해,4492.0,2L1k-cqqTFzqSkl-vfbxH0m5qIOj3PfcfrsVhTqtYdxsCj5mb_-VRFRGrVYWMb7Okz9IAAGhOw0Fog,1585210296000.0,,,216.0,571,I,411,395
274,sP1Xz_4_4NsxKTmVC1-YEUVC6zae257cl-0yvLiSbu_4zyI,rCH4JhDYi5ox857FFMamfm7ApifevDQALEQASJAGnjb8d8M,42151262516,3584.0,gzKobvL1Z11Hewiqn2QE8QQhqEMc_IwHTDnudIodKDv9-7Kj438FPL_xx5N2g_RVUUhZ8jS6BwexQQ,1585130825000.0,,,134.0,571,I,131,104
275,tBBhgdcdVv6wmUrn0TUTpmRum5COQR4K_4ibjlZfmLgCJL4,055SKUWpxfUpH8nkigUTqgoIUGJuQ2dtH5CDoeLusE-ZQIg,asdf숫자,1229.0,dDWp2FtTlb-KNWnCoFPrJFw-Y8t2esqzvPu7isslPckeBxgL1b72Wy8JrSj7nKSwtOjOB7g5pNTwQQ,1584999933000.0,,,276.0,571,I,163,140
276,AaQBcpgE_oI2JpeS24UmtVgVypjMh2S5X9LsZfHrXJZbDeQ,9XKq9C5jdBOE_fJ97v6HuKJRooN3kDo7YKLax_FxmQIY_RQ,7777k,4086.0,58tyCzDMGuWjQCQO9V4H7fM_N9R-XNm7xTRqORGOrgGm8vjlj6mVXoK-lmvWfCK_4-9BqD7QwCmpbQ,1585194706000.0,,,208.0,570,I,310,269
277,IFgr6OjpEHQ_6mUBBzIO2VUtTNx4zQRvSRXb96ehEjubNcDlZlS1mWRD,RTg0NFzvMLQEtuwlr9Tf4-VB1Vbc84xCcH4PEzA9p2PtXCo,잘모르겠어욘,29.0,jc24fdkXFG4ZQZOEhgYQgaFLT7VLvNIMNFsS9DzddjAsx1r-JuPBgGkPDH3pMEjrtKd9Ly-HzqD8uA,1584526921000.0,,,50.0,570,I,155,117
278,2HwUfpL2YdJPZUqIalBUrCswxyF3q0SlDJxBZ1SlgGyA,QuffSt-EVMSgqEDju_PXypbHbpygBOREvOZBrAuugMpu5Q,끌어다줄게기달려,983.0,6jESuxq8rd4FHoqZPil-gDreH67Oh5oCbHMSK2qiUl_CWEGKiIMufysobiwjepRXlJ62hKDHpu_TMQ,1584927627000.0,,,133.0,570,I,90,79
279,PDika9PAyBs0-Q6oT02xTIVheiDsl-1fa8daqr572AgOMAc,RMXnbJgALFoYqyjSZ_pOo_veL21EGc_neKrfCJTRdI5x5RA,My name is Tool,26.0,cdjqWEoGkz8s4WsQAfH37VSX0OUhfTLdd960prOeO_5LHrKfwJW5Gor0TDqxuvPvrLzuD5mG_m0iVg,1585134337000.0,,,91.0,569,I,180,142
280,KuEfOWYQ7IEoB7f7Vs5Ncpn0V_Bu05Gxq3L7rdYE_mnImjE,MfQtKDTiBuaGJE7kZ6_fHCqsURe_KVGLeumTgG-rzp64fjE,zr쿤,3812.0,rBOXmxlqqruxo7p5B1G-YrOq7ZoF5mHujc7nguzsImOGyEiB-IqgV2lx3qDbKe4b6G7DhoyYxdmniA,1585032669000.0,,,243.0,567,I,232,210
281,fcu8Q6mng5j0fgLffKiNd2ttvqUnuAG505m8-4Tw0p45dQEY0DaSB0Bm,zwMZes7Xq3Jxr1OOiOOJ-x1tDqrq00nmL1PrPvKSGd9Jjww,SN SamD,3839.0,YChJ-tNmcNE12OPql0OBb0Jb6jJNO3H3P76gfPur51TfZKaAzBkVTfetSzU7YTVP41qyfPjTDWYnOQ,1584692379000.0,,,236.0,567,I,246,227
282,akOqal9Vap-1TB2dvQXlSry8PakRKbnVXWngoFDCVE5EK7c,hvajFAemKwY-h8g8RoFSEYh7h7hCeWQH09etClsXrSWLnao,백수넛,1439.0,h5ytChlVOp4YBsICWDmxlwvYcZuYF6xx22yLr1Pt9BHTLdyOZxbxCmUR31EgFSjROW1H_KM2fJU25w,1585137758000.0,,,320.0,567,I,120,100
283,XyFE-zZHn0wfFv2_snG1nz5mlhrLRw_YTfDEJJCvEBw1,0LyHdDRmtRwVfuVckXIm1Et4fAcxx0nxKCj71XcBzHp1IA,디에나,3019.0,cCf4aSOiaMIFHtrukiAbGsd0SCShjcSXtcrklT5LC3VOIHl6AJeUPws2h6PG5y7aKm09OZtBq8f46A,1585317236000.0,,,283.0,566,I,207,195
284,Qedh5eyBn9qgveP4U1PPn6m3N889whRSCJvfuJ3RQTSPGmUr8udyFBrh,HUxOe7p-aZzPvDh5eq2WgdcEdvHlfVki5rJlC465kAHQtac,일곱번째다시왔어,23.0,OjBuDHDTxyeb6OvLvqikSs6AthZJSEglDAeGex_koHwfD_8aKabze-NMUcsB8lI8GXgNiTyzS1czMQ,1584601588000.0,,,63.0,565,I,276,234
285,j6g49-hgWvkkvcpK9Z5U2eSGdyYJUa9FVqAyRTXTGW0G4oluUdbnZ3xP,ZNOheMm4CVSKYpgYGog95NjUhXW0c8W_q13Q6UK4IN7exm8,Mr Humble,4302.0,jJp5UfeOwI6fmazoa6tj6tlqebZ7tgkv9L7g4_Xsdgh8bNTbdXEZlJCany_-hclgHixSOdYLbh42PQ,1585184383000.0,,,97.0,565,I,352,252
286,eWCXyqjA9XIKPqptBiJVg8874hAydEeCLR2WhH_XeMMtzyFL1Cj19J31,FLU9qTN9aDVChBpJNhuaerReI7XtseMZuVhTBwN2hTCGoAI,1874,4368.0,zcZVhKw02fRvQT1djz1nRpdiQKVaCs-1YO9bpPEtIIr898EvZ99Kk3UpBn5ydA3IWmNbFP_j37N7mg,1583841560000.0,,,287.0,564,I,182,148
287,-rjRM79l-5xP0iD6-wm1waPXEvmHXFkUuuuMoN-BZa-4htw,viz2kirylZLHMy2oIqE8LVct6ibCCbXNirP1AJPQgF4EtLY,렘 꽈배기,22.0,5zSlyaWis75aIuDGINA3K_OkXnMz5HCR_jukNaKKwNhVjE1gbhjWHMznRnDcFUJVZe45aKcV6XduHw,1585136237000.0,,,177.0,563,I,155,119
288,XTzUO3MJDi9HbwjF8fIf-bXRihyR7AS3nU_8ftjs1-L0,sLtLKiIZBIBnBdtOAL4BkQE1r_F0axHUQ67hwuGwiAL6Xg,다훈갓,1382.0,-HDJZPTnWHpgI9TKWiVDm0nbAKmmHppWLG4wOwhiScv7N4m4eugZEagvtnLRuoBjzr1GsbOjuwjlYw,1585341265000.0,,,163.0,563,I,106,112
289,w4xJA7ie_LLqStNl0hZj5kNr9Ypa45k7QPHR9TNuatFEqNqzt2GkE0Q9,jWaChiSbCSwZisSXjeCoyiWBTKP7p5JxbxC29UsJV-8bURw,돌아와 리정혁,4270.0,DZlKbnPRNF4kNXUpeaZdJlSnstrCDbW0VVMysLd6Q-r_egiTTA-PsmmmG1r2IwIFrM4pltalzXsfsg,1584873204000.0,,,155.0,562,I,393,344
290,14Q2xXuD6SXEoce1ty0bIKPgfEp9vdgo5Ci4-dLH4kFUJ78,agMpNvT0PT2lH6l45M0xMQY5KyDZbYLobz4wQLkdfFIzJ_c,리하우,4405.0,yp8vmKPOpvo1NzsrWb0uFgXTGc18lTEkAg6_HDEfOrjCWtOcvQLqLIq-gWQ0dZmeJDLGlVAzs1_2fA,1585202499000.0,,,151.0,561,I,144,121
291,m-QZiuLWKJRFmQ2yTDV_E2_ambuIOMLCD6ObVP4E727RvfM,mLihzgUf7JnTH5P5O-SKloM02otb6sXm9YCulM2cNvuDVsE,BRION Hena,7.0,0wA0X2PNw-chMBHjNdrdbSBBPi630y2G8dnfk2zzKIGbvvI3nq0Zkp5emibn5dYvVfizsm63TCXvyw,1584770057000.0,,,367.0,561,I,415,402
292,AnL7kmhQI4gsjusd6C-1Cgnqs_gpxLN2wa8xqztP9HUL,Q4gvMJWJiBEDhw9J9raZNWhiwKWF2IlrlsPHIERv-OmM3w,Poison p,4368.0,ff6q_X8jhwsNdUCR15fLVf6qkoKYcyOkjXUgr8SRdSFzuZ82K2WnSoxkY4eiIHvRb17lJYiqcroivw,1585100100000.0,,,126.0,560,I,106,80
293,QFE7TWV6FWMUIK1QESuu8JPOHykazi8DvYuwlhVojfgp7_0,Ch0OwHKQLCbPdksMWYyRViQPDbFapelCbKtUKoOEC9oNjps,ping equal to gg,4492.0,LS0L_NXOW6rQDW-8oJYFSAYpH4Vwv6lF7G5u6m4-zkGuBcH_mVSY7dk8mo3syc5bwjn08RPSolJsdA,1584490136000.0,,,246.0,560,I,208,181
294,Aznd4-_bIcqsfPqWhNWnnNr1KxmWhgFZcGXWeUiaIEh11OEoWEf9V-L0,OnCEoOtuY3xMZWVHsNtiseqPZ73JB12B8X8EQovhLG3iWSU,맥스 노예,29.0,2AEJMRSafXZ8si4g0XTOx1C-vWRUVlIKU1WkyzpAEPqP_EBu91o6MV9jLXgJ-JcnOQm9BoqlCkbmCQ,1585024912000.0,,,53.0,560,I,210,153
295,_ymhVSho1OtTs-o3Cj_Didfu6ESr81mVtp-pVdgkWNwwS4Ml3POj4uz6,BfMSdtWT3rBV7VCZGsOkRrtsLDxXhPb-H5I_VuYpEscPn1I,밧형욱,4163.0,k_x7FzQF7ZlLhgG4AoAZIlwJwbRfAWPVrYnrTcScrwT8tN1wyIkFGcETxCYRZgPTO62oYMM3kgHL1w,1585204133000.0,,,115.0,560,I,123,103
296,gUOmMKBiuPX6SIH0uMmT_sqcfNXTDLHfKYfSwi7_T2UCibs,Pt5b2qUVftRLdxeQOc3cFYOsoLejDg2RH8iBprhslT96Zww,Fles Evitaerc,4400.0,dkxcMCWtjNVSHve6F20CRsVON8i7pYHUNXjCyMkAAT3uERlMinAOO_Nuz_T5XvHulftB1d7fSgny2A,1585120584000.0,,,461.0,560,I,140,109
297,Z8eFzv5d9o8pDzYPWrHl0B0_bVs99uy4xK_lwKrKra7fEkl3uXyKxPs0,YMV01IU48a3D-Bt14Z0cuGyTiHOzO5BLf-79e1pCT79n9n4,cherish1124,3378.0,un6AldWAry5-u2qqAqM2tQIHrY2h1uh2pmNilTrQ4BdI2leQdYLvETRx6GO85yauEBpFtpBOhbZ_lQ,1584994697000.0,,,56.0,559,I,101,68
298,xdCDUI4iuQ1cdm4fEb699VQkwOQ38c_LX2CY6koAg5zz,KAy_POt2vYduQG42ixDQi0VWQeaolp5w3LxGb87-lpuYjw,zer그링,4491.0,q06wIAPjzHQNE0OhRGS6JJe9N6DyBd6ddi-meUdihZdQOpHvK_BFgTq3Z0Ud17VgmbyxJgfAbpJpuw,1584901953000.0,,,156.0,551,I,247,208
299,N1zaglgoWTch14yyt0KL7P5iPKB5or3YBI0Ba44Pgwsg,NqdObNWXJnlLBFyF7gSx0FA0Vjeg3PFqHkJH37xzLKZgDic,F A 군면제 서폿,543.0,inWOe8-3XcNewmA21uLLdjUUXk6MzK6smCoADp9sc3a3z_fJ7fDxno0LiyityvdKLk4yJB5OiX5ZZA,1585114706000.0,,,366.0,530,I,214,209
